Survived,Pclass,Age,SibSp,Parch,Fare,Cabin,Age_na,Fare_na,Sex_female,Sex_male,Embarked_C,Embarked_Missing,Embarked_Q,Embarked_S
0,1.0,0.287880785968614,0.125,0.0,0.16263918113927697,1.9210526315789473,0.0,0.0,0.0,1.0,0.0,0.0,0.0,1.0
1,0.0,0.4988790716075432,0.125,0.0,0.6121314214122676,1.0657894736842104,0.0,0.0,1.0,0.0,1.0,0.0,0.0,0.0
1,1.0,0.34063035737834635,0.0,0.0,0.18014579674700062,1.9210526315789473,0.0,0.0,1.0,0.0,0.0,0.0,0.0,1.0
1,0.0,0.459316893050244,0.125,0.0,0.5542187158636468,0.7236842105263157,0.0,0.0,1.0,0.0,0.0,0.0,0.0,1.0
0,1.0,0.459316893050244,0.0,0.0,0.18322344130066578,1.9210526315789473,0.0,0.0,0.0,1.0,0.0,0.0,0.0,1.0
0,1.0,0.3894120749974789,0.0,0.0,0.1929532893341104,1.9210526315789473,1.0,0.0,0.0,1.0,0.0,0.0,1.0,0.0
0,0.0,0.7098773572464724,0.0,0.0,0.549581347276252,1.6973684210526314,0.0,0.0,0.0,1.0,0.0,0.0,0.0,1.0
0,1.0,0.024132928919952525,0.375,0.1111111111111111,0.3724896245725039,1.9210526315789473,0.0,0.0,0.0,1.0,0.0,0.0,0.0,1.0
1,1.0,0.3538177502307794,0.0,0.2222222222222222,0.24699327026614107,1.9210526315789473,0.0,0.0,1.0,0.0,0.0,0.0,0.0,1.0
1,0.5,0.18238164314914942,0.125,0.0,0.4423948857756368,1.9210526315789473,0.0,0.0,1.0,0.0,1.0,0.0,0.0,0.0
1,1.0,0.05050771462481868,0.125,0.1111111111111111,0.32673160273075785,1.907894736842105,0.0,0.0,1.0,0.0,0.0,0.0,0.0,1.0
1,0.0,0.7626269286562047,0.0,0.0,0.41790614271476545,0.6447368421052632,0.0,0.0,1.0,0.0,0.0,0.0,0.0,1.0
0,1.0,0.2615060002637479,0.0,0.0,0.18322344130066578,1.9210526315789473,0.0,0.0,0.0,1.0,0.0,0.0,0.0,1.0
0,1.0,0.5120664644599763,0.125,0.5555555555555556,0.45011653430918863,1.9210526315789473,0.0,0.0,0.0,1.0,0.0,0.0,0.0,1.0
0,1.0,0.18238164314914942,0.0,0.0,0.17838101240466644,1.9210526315789473,0.0,0.0,1.0,0.0,0.0,0.0,0.0,1.0
1,0.5,0.7230647500989055,0.0,0.0,0.31831073027836243,1.9210526315789473,0.0,0.0,1.0,0.0,0.0,0.0,0.0,1.0
0,1.0,0.024132928919952525,0.5,0.1111111111111111,0.43611016733579877,1.9210526315789473,0.0,0.0,0.0,1.0,0.0,0.0,1.0,0.0
1,0.5,0.3894120749974789,0.0,0.0,0.2774768974449705,1.9210526315789473,1.0,0.0,0.0,1.0,0.0,0.0,0.0,1.0
0,1.0,0.4065673216405117,0.125,0.0,0.34147364446729134,1.9210526315789473,0.0,0.0,1.0,0.0,0.0,0.0,0.0,1.0
1,1.0,0.3894120749974789,0.0,0.0,0.16195988003795933,1.9210526315789473,1.0,0.0,1.0,0.0,1.0,0.0,0.0,0.0
0,0.5,0.459316893050244,0.0,0.0,0.41378947059385185,1.9210526315789473,0.0,0.0,0.0,1.0,0.0,0.0,0.0,1.0
1,0.5,0.44612950019781095,0.0,0.0,0.2774768974449705,1.4605263157894737,0.0,0.0,0.0,1.0,0.0,0.0,0.0,1.0
1,1.0,0.19556903600158249,0.0,0.0,0.18271465010133395,1.9210526315789473,0.0,0.0,1.0,0.0,0.0,0.0,1.0,0.0
1,0.0,0.36700514308321247,0.0,0.0,0.47503571860856,0.17105263157894735,0.0,0.0,0.0,1.0,0.0,0.0,0.0,1.0
0,1.0,0.10325728603455098,0.375,0.1111111111111111,0.3724896245725039,1.9210526315789473,0.0,0.0,1.0,0.0,0.0,0.0,0.0,1.0
1,1.0,0.4988790716075432,0.125,0.5555555555555556,0.45082266603121035,1.9210526315789473,0.0,0.0,1.0,0.0,0.0,0.0,0.0,1.0
0,1.0,0.3894120749974789,0.0,0.0,0.16195988003795933,1.9210526315789473,1.0,0.0,0.0,1.0,1.0,0.0,0.0,0.0
0,0.0,0.24831860741131478,0.375,0.2222222222222222,0.8688661704486751,0.8289473684210525,0.0,0.0,0.0,1.0,0.0,0.0,0.0,1.0
1,1.0,0.3894120749974789,0.0,0.0,0.17900598106624913,1.9210526315789473,1.0,0.0,1.0,0.0,0.0,0.0,1.0,0.0
0,1.0,0.3894120749974789,0.0,0.0,0.17941986572699406,1.9210526315789473,1.0,0.0,0.0,1.0,0.0,0.0,0.0,1.0
0,0.0,0.5252538573124094,0.0,0.0,0.4263925589522145,1.9210526315789473,0.0,0.0,0.0,1.0,1.0,0.0,0.0,0.0
1,0.0,0.3894120749974789,0.125,0.0,0.7538241770418358,0.5394736842105263,1.0,0.0,1.0,0.0,1.0,0.0,0.0,0.0
1,1.0,0.3894120749974789,0.0,0.0,0.17575453833860336,1.9210526315789473,1.0,0.0,1.0,0.0,0.0,0.0,1.0,0.0
0,0.5,0.8681260714756693,0.0,0.0,0.23547595451959144,1.9210526315789473,0.0,0.0,0.0,1.0,0.0,0.0,0.0,1.0
0,0.0,0.36700514308321247,0.125,0.0,0.6400839074714243,1.9210526315789473,0.0,0.0,0.0,1.0,1.0,0.0,0.0,0.0
0,0.0,0.5516286430172755,0.125,0.0,0.5501020437427332,1.9210526315789473,0.0,0.0,0.0,1.0,0.0,0.0,0.0,1.0
1,1.0,0.3894120749974789,0.0,0.0,0.16207416673816763,1.9210526315789473,1.0,0.0,0.0,1.0,1.0,0.0,0.0,0.0
0,1.0,0.27469339311618096,0.0,0.0,0.18322344130066578,1.9210526315789473,0.0,0.0,0.0,1.0,0.0,0.0,0.0,1.0
0,1.0,0.23513121455888172,0.25,0.0,0.34147364446729134,1.9210526315789473,0.0,0.0,1.0,0.0,0.0,0.0,0.0,1.0
1,1.0,0.18238164314914942,0.125,0.0,0.24889877523954548,1.9210526315789473,0.0,0.0,1.0,0.0,1.0,0.0,0.0,0.0
0,1.0,0.5252538573124094,0.125,0.0,0.2152755926308841,1.9210526315789473,0.0,0.0,1.0,0.0,0.0,0.0,0.0,1.0
0,0.5,0.3538177502307794,0.125,0.0,0.3717885276684728,1.9210526315789473,0.0,0.0,1.0,0.0,0.0,0.0,0.0,1.0
0,1.0,0.3894120749974789,0.0,0.0,0.17941986572699406,1.9210526315789473,1.0,0.0,0.0,1.0,1.0,0.0,0.0,0.0
1,0.5,0.0373203217723856,0.125,0.2222222222222222,0.5061208434326919,1.9210526315789473,0.0,0.0,1.0,0.0,1.0,0.0,0.0,0.0
1,1.0,0.24831860741131478,0.0,0.0,0.17900598106624913,1.9210526315789473,0.0,0.0,1.0,0.0,0.0,0.0,1.0,0.0
0,1.0,0.3894120749974789,0.0,0.0,0.18322344130066578,1.9210526315789473,1.0,0.0,0.0,1.0,0.0,0.0,0.0,1.0
0,1.0,0.3894120749974789,0.125,0.0,0.31206711148748467,1.9210526315789473,1.0,0.0,0.0,1.0,0.0,0.0,1.0,0.0
1,1.0,0.3894120749974789,0.0,0.0,0.17575453833860336,1.9210526315789473,1.0,0.0,1.0,0.0,0.0,0.0,1.0,0.0
0,1.0,0.3894120749974789,0.25,0.0,0.3780482998026534,1.9210526315789473,1.0,0.0,0.0,1.0,1.0,0.0,0.0,0.0
0,1.0,0.23513121455888172,0.125,0.0,0.33927633140332425,1.9210526315789473,0.0,0.0,1.0,0.0,0.0,0.0,0.0,1.0
0,1.0,0.0900698931821179,0.5,0.1111111111111111,0.4969637309481857,1.9210526315789473,0.0,0.0,0.0,1.0,0.0,0.0,0.0,1.0
0,1.0,0.27469339311618096,0.0,0.0,0.17701922098198083,1.9210526315789473,0.0,0.0,0.0,1.0,0.0,0.0,0.0,1.0
1,0.0,0.643940392984307,0.125,0.0,0.6266093960374092,1.3289473684210527,0.0,0.0,1.0,0.0,1.0,0.0,0.0,0.0
1,0.5,0.38019253593564556,0.125,0.0,0.41378947059385185,1.9210526315789473,0.0,0.0,1.0,0.0,0.0,0.0,0.0,1.0
0,0.0,0.8549386786232362,0.0,0.1111111111111111,0.5846262713055336,0.3026315789473684,0.0,0.0,0.0,1.0,1.0,0.0,0.0,0.0
1,0.0,0.3894120749974789,0.0,0.0,0.47503571860856,0.9342105263157894,1.0,0.0,0.0,1.0,0.0,0.0,0.0,1.0
1,0.5,0.27469339311618096,0.0,0.0,0.23547595451959144,1.9210526315789473,0.0,0.0,1.0,0.0,0.0,0.0,0.0,1.0
0,1.0,0.373598839509429,0.0,0.0,0.16207416673816763,1.9210526315789473,0.0,0.0,0.0,1.0,1.0,0.0,0.0,0.0
1,0.5,0.06369510747725175,0.125,0.2222222222222222,0.42659960117084317,1.9210526315789473,0.0,0.0,1.0,0.0,0.0,0.0,0.0,1.0
0,1.0,0.1428194645918502,0.625,0.2222222222222222,0.5298018709229422,1.9210526315789473,0.0,0.0,0.0,1.0,0.0,0.0,0.0,1.0
0,1.0,0.287880785968614,0.0,0.0,0.16207416673816763,1.9210526315789473,0.0,0.0,0.0,1.0,1.0,0.0,0.0,0.0
1,0.0,0.4988790716075432,0.0,0.0,0.6348187235591385,0.2763157894736842,0.0,0.0,1.0,0.0,0.0,1.0,0.0,0.0
0,0.0,0.5911908215745747,0.125,0.0,0.6431807077124586,1.0526315789473684,0.0,0.0,0.0,1.0,0.0,0.0,0.0,1.0
0,1.0,0.05050771462481868,0.375,0.2222222222222222,0.42765975184228133,1.9210526315789473,0.0,0.0,0.0,1.0,0.0,0.0,0.0,1.0
0,0.0,0.3894120749974789,0.0,0.0,0.4263925589522145,1.9210526315789473,1.0,0.0,0.0,1.0,1.0,0.0,0.0,0.0
1,1.0,0.3894120749974789,0.125,0.1111111111111111,0.3088151896762753,1.9210526315789473,1.0,0.0,0.0,1.0,1.0,0.0,0.0,0.0
1,0.5,0.38019253593564556,0.0,0.0,0.23547595451959144,1.8684210526315788,0.0,0.0,1.0,0.0,0.0,0.0,0.0,1.0
0,1.0,0.24831860741131478,0.0,0.0,0.18585151720283585,1.9210526315789473,0.0,0.0,0.0,1.0,0.0,0.0,0.0,1.0
1,1.0,0.22194382170644866,0.5,0.2222222222222222,0.18014579674700062,1.9210526315789473,0.0,0.0,1.0,0.0,0.0,0.0,0.0,1.0
0,1.0,0.34063035737834635,0.25,0.0,0.19764458417900724,1.9210526315789473,0.0,0.0,0.0,1.0,0.0,0.0,0.0,1.0
0,0.5,0.41975471449294477,0.0,0.0,0.23547595451959144,1.9210526315789473,0.0,0.0,0.0,1.0,0.0,0.0,0.0,1.0
0,1.0,0.20875642885401557,0.625,0.2222222222222222,0.5298018709229422,1.9210526315789473,0.0,0.0,1.0,0.0,0.0,0.0,0.0,1.0
0,0.5,0.27469339311618096,0.0,0.0,0.6181537276874405,1.9210526315789473,0.0,0.0,0.0,1.0,0.0,0.0,0.0,1.0
0,1.0,0.34063035737834635,0.125,0.0,0.29832960483910165,1.9210526315789473,0.0,0.0,0.0,1.0,1.0,0.0,0.0,0.0
1,1.0,0.41975471449294477,0.0,0.0,0.5664093889076323,1.9210526315789473,0.0,0.0,0.0,1.0,0.0,0.0,0.0,1.0
0,1.0,0.32744296452591326,0.0,0.0,0.17320050928114236,1.8421052631578947,0.0,0.0,0.0,1.0,0.0,0.0,0.0,1.0
0,1.0,0.3894120749974789,0.0,0.0,0.17941986572699406,1.9210526315789473,1.0,0.0,0.0,1.0,0.0,0.0,0.0,1.0
0,1.0,0.3894120749974789,0.0,0.0,0.18322344130066578,1.9210526315789473,1.0,0.0,0.0,1.0,0.0,0.0,0.0,1.0
1,0.5,0.008703679282605828,0.0,0.2222222222222222,0.4352643274370396,1.9210526315789473,0.0,0.0,0.0,1.0,0.0,0.0,0.0,1.0
1,1.0,0.3933799287880786,0.0,0.0,0.26937014230876855,1.9210526315789473,0.0,0.0,1.0,0.0,0.0,0.0,0.0,1.0
0,1.0,0.287880785968614,0.0,0.0,0.20516107131841013,1.9210526315789473,0.0,0.0,0.0,1.0,0.0,0.0,0.0,1.0
1,1.0,0.38019253593564556,0.0,0.0,0.21579379444138017,1.9210526315789473,0.0,0.0,0.0,1.0,0.0,0.0,0.0,1.0
1,1.0,0.3894120749974789,0.0,0.0,0.17670381197564813,1.9210526315789473,1.0,0.0,1.0,0.0,0.0,0.0,1.0,0.0
0,0.0,0.36700514308321247,0.0,0.0,0.5306387124976034,1.9210526315789473,0.0,0.0,0.0,1.0,0.0,0.0,0.0,1.0
1,0.5,0.22194382170644866,0.0,0.0,0.23547595451959144,1.9210526315789473,0.0,0.0,1.0,0.0,0.0,0.0,0.0,1.0
1,1.0,0.43294210734537786,0.375,0.0,0.31645836989588183,1.9210526315789473,0.0,0.0,1.0,0.0,0.0,0.0,0.0,1.0
0,1.0,0.20875642885401557,0.125,0.3333333333333333,0.4687027303667951,1.9210526315789473,0.0,0.0,0.0,1.0,0.0,0.0,0.0,1.0
0,1.0,0.3894120749974789,0.0,0.0,0.18322344130066578,1.9210526315789473,1.0,0.0,0.0,1.0,0.0,0.0,0.0,1.0
1,0.0,0.3010681788210471,0.375,0.2222222222222222,0.8688661704486751,0.8289473684210525,0.0,0.0,1.0,0.0,0.0,0.0,0.0,1.0
0,1.0,0.31425557167348017,0.0,0.0,0.18322344130066578,1.9210526315789473,0.0,0.0,0.0,1.0,0.0,0.0,0.0,1.0
0,1.0,0.38019253593564556,0.0,0.0,0.18322344130066578,1.9210526315789473,0.0,0.0,0.0,1.0,0.0,0.0,0.0,1.0
0,1.0,0.2615060002637479,0.0,0.0,0.17838101240466644,1.9210526315789473,0.0,0.0,0.0,1.0,0.0,0.0,0.0,1.0
0,0.0,0.6043782144270078,0.125,0.0,0.582057878380073,1.6052631578947367,0.0,0.0,0.0,1.0,0.0,0.0,0.0,1.0
0,1.0,0.34063035737834635,0.125,0.2222222222222222,0.36776772970516725,1.9210526315789473,0.0,0.0,0.0,1.0,0.0,0.0,0.0,1.0
0,1.0,0.7758143215086378,0.0,0.0,0.16263918113927697,1.9210526315789473,0.0,0.0,0.0,1.0,0.0,0.0,0.0,1.0
0,1.0,0.3894120749974789,0.0,0.0,0.18322344130066578,1.9210526315789473,1.0,0.0,0.0,1.0,0.0,0.0,0.0,1.0
0,0.0,0.9340630357378347,0.0,0.0,0.4702935663016936,0.15789473684210525,0.0,0.0,0.0,1.0,1.0,0.0,0.0,0.0
1,0.0,0.3010681788210471,0.0,0.1111111111111111,0.5889541263717214,1.1973684210526314,0.0,0.0,0.0,1.0,1.0,0.0,0.0,0.0
1,0.5,0.44612950019781095,0.0,0.1111111111111111,0.3896788077113553,1.9210526315789473,0.0,0.0,1.0,0.0,0.0,0.0,0.0,1.0
0,0.5,0.44612950019781095,0.125,0.0,0.41378947059385185,1.9210526315789473,0.0,0.0,0.0,1.0,0.0,0.0,0.0,1.0
0,1.0,0.36700514308321247,0.0,0.0,0.17941986572699406,1.9210526315789473,0.0,0.0,1.0,0.0,0.0,0.0,0.0,1.0
0,1.0,0.3894120749974789,0.0,0.0,0.17941986572699406,1.9210526315789473,1.0,0.0,0.0,1.0,0.0,0.0,0.0,1.0
0,0.0,0.27469339311618096,0.0,0.1111111111111111,0.6280351420538471,1.2894736842105263,0.0,0.0,0.0,1.0,0.0,0.0,0.0,1.0
0,1.0,0.43294210734537786,0.0,0.0,0.197456065910131,1.9210526315789473,0.0,0.0,0.0,1.0,0.0,0.0,0.0,1.0
0,1.0,0.48569167875511016,0.25,0.0,0.18014579674700062,1.9210526315789473,0.0,0.0,0.0,1.0,0.0,0.0,0.0,1.0
0,1.0,0.36700514308321247,0.0,0.0,0.17941986572699406,1.9210526315789473,0.0,0.0,0.0,1.0,0.0,0.0,0.0,1.0
1,1.0,0.27469339311618096,0.0,0.0,0.17320050928114236,1.9210526315789473,0.0,0.0,1.0,0.0,0.0,0.0,0.0,1.0
1,1.0,0.3894120749974789,0.0,0.0,0.176387896287963,1.9210526315789473,1.0,0.0,0.0,1.0,0.0,0.0,0.0,1.0
0,1.0,0.4988790716075432,0.0,0.0,0.17941986572699406,1.9210526315789473,0.0,0.0,0.0,1.0,0.0,0.0,0.0,1.0
1,1.0,0.3894120749974789,0.125,0.0,0.3992737581184521,1.9210526315789473,1.0,0.0,1.0,0.0,0.0,0.0,1.0,0.0
0,0.0,0.6175656072794409,0.0,0.0,0.5501020437427332,0.6842105263157894,0.0,0.0,0.0,1.0,0.0,0.0,0.0,1.0
0,1.0,0.18897533957536597,0.125,0.0,0.29832960483910165,1.9210526315789473,0.0,0.0,1.0,0.0,1.0,0.0,0.0,0.0
0,1.0,0.287880785968614,0.0,0.0,0.18322344130066578,1.9210526315789473,0.0,0.0,0.0,1.0,0.0,0.0,0.0,1.0
0,1.0,0.2615060002637479,0.125,0.0,0.22240902915730157,1.9210526315789473,0.0,0.0,1.0,0.0,0.0,0.0,0.0,1.0
0,1.0,0.22194382170644866,0.0,0.0,0.2983853797216546,1.9210526315789473,0.0,0.0,1.0,0.0,1.0,0.0,0.0,0.0
0,1.0,0.27469339311618096,0.0,0.0,0.18014579674700062,1.9210526315789473,0.0,0.0,0.0,1.0,0.0,0.0,0.0,1.0
0,1.0,0.9274693393116181,0.0,0.0,0.17575453833860336,1.9210526315789473,0.0,0.0,0.0,1.0,0.0,0.0,1.0,0.0
0,0.5,0.38019253593564556,0.125,0.0,0.3717885276684728,1.9210526315789473,0.0,0.0,0.0,1.0,0.0,0.0,0.0,1.0
0,0.0,0.31425557167348017,0.0,0.1111111111111111,0.8569370434984311,0.47368421052631576,0.0,0.0,0.0,1.0,1.0,0.0,0.0,0.0
0,1.0,0.024132928919952525,0.5,0.2222222222222222,0.45011653430918863,1.9210526315789473,0.0,0.0,1.0,0.0,0.0,0.0,0.0,1.0
0,0.5,0.27469339311618096,0.25,0.0,0.6181537276874405,1.9210526315789473,0.0,0.0,0.0,1.0,0.0,0.0,0.0,1.0
0,1.0,0.3894120749974789,0.0,0.0,0.18322344130066578,1.9210526315789473,1.0,0.0,0.0,1.0,0.0,0.0,0.0,1.0
0,0.5,0.4263484109191613,0.125,0.0,0.4423948857756368,1.9210526315789473,0.0,0.0,0.0,1.0,1.0,0.0,0.0,0.0
1,0.5,0.4263484109191613,0.0,0.0,0.2774768974449705,1.526315789473684,0.0,0.0,1.0,0.0,0.0,0.0,0.0,1.0
0,0.0,0.7098773572464724,0.0,0.1111111111111111,0.6280351420538471,1.2894736842105263,0.0,0.0,0.0,1.0,0.0,0.0,0.0,1.0
1,1.0,0.15600685744428328,0.125,0.0,0.24889877523954548,1.9210526315789473,0.0,0.0,0.0,1.0,1.0,0.0,0.0,0.0
0,1.0,0.3894120749974789,0.0,0.0,0.17575453833860336,1.9210526315789473,1.0,0.0,0.0,1.0,0.0,0.0,1.0,0.0
1,1.0,0.31425557167348017,0.0,0.0,0.15967936313393025,1.9210526315789473,0.0,0.0,0.0,1.0,0.0,0.0,0.0,1.0
1,1.0,0.3894120749974789,0.125,0.1111111111111111,0.3841140700187342,1.8157894736842104,1.0,0.0,1.0,0.0,1.0,0.0,0.0,0.0
0,1.0,0.5911908215745747,0.0,0.0,0.15503460554451878,1.9210526315789473,0.0,0.0,0.0,1.0,0.0,0.0,0.0,1.0
0,1.0,0.43294210734537786,0.0,0.0,0.17941986572699406,1.9210526315789473,0.0,0.0,0.0,1.0,1.0,0.0,0.0,0.0
0,1.0,0.2615060002637479,0.0,0.0,0.1571379140783534,1.9210526315789473,0.0,0.0,0.0,1.0,0.0,0.0,0.0,1.0
0,1.0,0.6175656072794409,0.125,0.0,0.29895175428815823,1.9210526315789473,0.0,0.0,1.0,0.0,0.0,0.0,0.0,1.0
1,0.5,0.38019253593564556,0.125,0.0,0.41378947059385185,1.9210526315789473,0.0,0.0,1.0,0.0,0.0,0.0,0.0,1.0
0,0.5,0.32744296452591326,0.0,0.0,0.2774768974449705,1.9210526315789473,0.0,0.0,0.0,1.0,0.0,0.0,0.0,1.0
0,0.5,0.3010681788210471,0.0,0.0,0.3062182937580755,1.9210526315789473,0.0,0.0,0.0,1.0,1.0,0.0,0.0,0.0
1,0.0,0.24831860741131478,0.0,0.2222222222222222,0.41592069059919023,1.407894736842105,0.0,0.0,1.0,0.0,0.0,0.0,0.0,1.0
0,0.0,0.48569167875511016,0.125,0.0,0.5542187158636468,0.7236842105263157,0.0,0.0,0.0,1.0,0.0,0.0,0.0,1.0
0,1.0,0.20875642885401557,0.0,0.0,0.20984004004207743,1.9210526315789473,0.0,0.0,0.0,1.0,0.0,0.0,0.0,1.0
0,0.0,0.31425557167348017,0.0,0.0,0.6328422499044459,0.5921052631578947,0.0,0.0,0.0,1.0,1.0,0.0,0.0,0.0
0,1.0,0.3894120749974789,0.0,0.2222222222222222,0.3088151896762753,1.9210526315789473,1.0,0.0,1.0,0.0,1.0,0.0,0.0,0.0
1,1.0,0.287880785968614,0.0,0.0,0.17575453833860336,1.9210526315789473,0.0,0.0,1.0,0.0,0.0,0.0,0.0,1.0
1,1.0,0.31425557167348017,0.125,0.0,0.31645836989588183,1.9210526315789473,0.0,0.0,1.0,0.0,0.0,0.0,0.0,1.0
0,1.0,0.24831860741131478,0.0,0.0,0.1485862418384339,1.9210526315789473,0.0,0.0,0.0,1.0,0.0,0.0,1.0,0.0
0,0.5,0.23513121455888172,0.0,0.0,0.2533662345624741,1.9210526315789473,0.0,0.0,0.0,1.0,0.0,0.0,0.0,1.0
0,0.5,0.24831860741131478,0.125,0.1111111111111111,0.48184115453855925,1.9210526315789473,0.0,0.0,0.0,1.0,0.0,0.0,0.0,1.0
1,1.0,0.3538177502307794,0.0,0.0,0.17691329997660796,1.9210526315789473,0.0,0.0,0.0,1.0,0.0,0.0,0.0,1.0
0,1.0,0.11644467888698405,0.25,0.2222222222222222,0.4687027303667951,1.9210526315789473,0.0,0.0,1.0,0.0,0.0,0.0,0.0,1.0
0,0.5,0.4790979823288936,0.0,0.2222222222222222,0.41378947059385185,1.8552631578947367,0.0,0.0,0.0,1.0,0.0,0.0,0.0,1.0
0,0.5,0.5516286430172755,0.0,0.0,0.2774768974449705,1.9210526315789473,0.0,0.0,0.0,1.0,0.0,0.0,0.0,1.0
0,0.5,0.6703151786891732,0.0,0.0,0.2701567732507816,1.9210526315789473,0.0,0.0,0.0,1.0,0.0,0.0,0.0,1.0
1,0.0,0.287880785968614,0.125,0.0,0.598767071005616,0.8026315789473684,0.0,0.0,1.0,0.0,0.0,0.0,0.0,1.0
0,1.0,0.729658446525122,0.0,0.0,0.18322344130066578,1.9210526315789473,0.0,0.0,0.0,1.0,0.0,0.0,0.0,1.0
0,1.0,0.5318475537386259,0.0,0.2222222222222222,0.29895175428815823,1.9210526315789473,0.0,0.0,0.0,1.0,0.0,0.0,0.0,1.0
0,1.0,0.3894120749974789,0.0,0.0,0.1643272384850182,1.9210526315789473,1.0,0.0,0.0,1.0,0.0,0.0,0.0,1.0
0,0.0,0.6703151786891732,0.0,0.1111111111111111,0.5827132209665941,1.9210526315789473,0.0,0.0,0.0,1.0,1.0,0.0,0.0,0.0
1,1.0,0.20875642885401557,0.0,0.0,0.17533031597288987,1.9210526315789473,0.0,0.0,1.0,0.0,0.0,0.0,1.0,0.0
0,1.0,0.3933799287880786,0.0,0.0,0.18322344130066578,1.9210526315789473,0.0,0.0,0.0,1.0,0.0,0.0,0.0,1.0
0,1.0,0.3894120749974789,0.0,0.0,0.19764458417900724,1.9210526315789473,1.0,0.0,0.0,1.0,0.0,0.0,0.0,1.0
0,1.0,0.3894120749974789,1.0,0.2222222222222222,0.6072904695810064,1.9210526315789473,1.0,0.0,0.0,1.0,0.0,0.0,0.0,1.0
0,1.0,0.5780034287221416,0.0,0.1111111111111111,0.31953601444954693,1.9210526315789473,0.0,0.0,0.0,1.0,0.0,0.0,0.0,1.0
1,0.5,0.5252538573124094,0.0,0.0,0.31521369818849665,1.9210526315789473,0.0,0.0,1.0,0.0,0.0,0.0,0.0,1.0
0,1.0,0.34063035737834635,0.0,0.0,0.176387896287963,1.9210526315789473,0.0,0.0,0.0,1.0,0.0,0.0,0.0,1.0
0,1.0,0.22194382170644866,0.0,0.0,0.19764458417900724,1.9210526315789473,0.0,0.0,0.0,1.0,0.0,0.0,0.0,1.0
0,1.0,0.010945536067519452,0.5,0.1111111111111111,0.4969637309481857,1.9210526315789473,0.0,0.0,0.0,1.0,0.0,0.0,0.0,1.0
1,1.0,0.11644467888698405,0.0,0.2222222222222222,0.3672892441326385,1.9210526315789473,0.0,0.0,0.0,1.0,0.0,0.0,0.0,1.0
1,0.0,0.3894120749974789,0.0,0.1111111111111111,0.5611324565326629,1.6184210526315788,1.0,0.0,1.0,0.0,0.0,0.0,0.0,1.0
0,1.0,0.5911908215745747,0.125,0.4444444444444444,0.42765975184228133,1.9210526315789473,0.0,0.0,1.0,0.0,0.0,0.0,0.0,1.0
0,0.0,0.3894120749974789,0.0,0.0,0.41322136965003076,1.9210526315789473,1.0,0.0,0.0,1.0,0.0,0.0,0.0,1.0
0,1.0,0.36700514308321247,0.0,0.0,0.5664093889076323,1.9210526315789473,0.0,0.0,0.0,1.0,0.0,0.0,0.0,1.0
0,0.0,0.8021891072135039,0.0,0.0,0.4636320910358692,0.23684210526315788,0.0,0.0,0.0,1.0,0.0,0.0,0.0,1.0
0,1.0,0.05050771462481868,0.5,0.1111111111111111,0.43611016733579877,1.9210526315789473,0.0,0.0,0.0,1.0,0.0,0.0,1.0,0.0
1,1.0,0.010945536067519452,0.125,0.1111111111111111,0.24699327026614107,1.9210526315789473,0.0,0.0,1.0,0.0,0.0,0.0,0.0,1.0
0,1.0,0.27469339311618096,0.0,0.0,0.18014579674700062,1.9210526315789473,0.0,0.0,0.0,1.0,0.0,0.0,0.0,1.0
0,0.0,0.7362521429513386,0.0,0.0,0.4464403731054378,0.18421052631578946,0.0,0.0,0.0,1.0,1.0,0.0,0.0,0.0
0,1.0,0.23513121455888172,0.125,0.1111111111111111,0.17838101240466644,1.9210526315789473,0.0,0.0,0.0,1.0,0.0,0.0,0.0,1.0
0,1.0,0.3894120749974789,0.375,0.1111111111111111,0.4097137795401221,1.9210526315789473,1.0,0.0,0.0,1.0,0.0,0.0,0.0,1.0
0,0.0,0.6571277858367401,0.0,0.0,0.4333049775120188,0.9078947368421052,0.0,0.0,1.0,0.0,1.0,0.0,0.0,0.0
0,0.5,0.3933799287880786,0.0,0.0,0.2774768974449705,1.9210526315789473,0.0,0.0,0.0,1.0,0.0,0.0,0.0,1.0
0,1.0,0.47250428590267707,0.0,0.0,0.45921320232475304,1.9210526315789473,0.0,1.0,0.0,1.0,0.0,0.0,0.0,1.0
0,1.0,0.3894120749974789,1.0,0.2222222222222222,0.6072904695810064,1.9210526315789473,1.0,0.0,1.0,0.0,0.0,0.0,0.0,1.0
0,0.5,0.3894120749974789,0.0,0.0,0.3062731825726738,1.9210526315789473,1.0,0.0,0.0,1.0,1.0,0.0,0.0,0.0
0,1.0,0.11644467888698405,0.5,0.2222222222222222,0.45082266603121035,1.9210526315789473,0.0,0.0,0.0,1.0,0.0,0.0,0.0,1.0
1,0.5,0.010945536067519452,0.25,0.1111111111111111,0.4935272142627569,1.894736842105263,0.0,0.0,0.0,1.0,0.0,0.0,0.0,1.0
1,1.0,0.05050771462481868,0.0,0.2222222222222222,0.3811603839242558,1.9210526315789473,0.0,0.0,1.0,0.0,0.0,0.0,0.0,1.0
0,0.0,0.3894120749974789,0.0,0.0,0.5423889973932708,0.11842105263157894,1.0,0.0,0.0,1.0,0.0,0.0,0.0,1.0
1,1.0,0.3894120749974789,0.125,0.0,0.31206711148748467,1.9210526315789473,1.0,0.0,1.0,0.0,0.0,0.0,1.0,0.0
1,0.0,0.5911908215745747,0.0,0.0,0.41790614271476545,1.9210526315789473,0.0,0.0,0.0,1.0,0.0,0.0,0.0,1.0
0,1.0,0.5252538573124094,0.125,0.1111111111111111,0.31206711148748467,1.9210526315789473,0.0,0.0,0.0,1.0,0.0,0.0,1.0,0.0
0,1.0,0.47250428590267707,0.0,0.0,0.17941986572699406,1.9210526315789473,0.0,0.0,0.0,1.0,0.0,0.0,0.0,1.0
1,0.5,0.41975471449294477,0.0,0.0,0.2774768974449705,1.9210526315789473,0.0,0.0,1.0,0.0,0.0,0.0,0.0,1.0
0,0.5,0.24831860741131478,0.0,0.0,0.2774768974449705,1.9210526315789473,0.0,0.0,0.0,1.0,0.0,0.0,0.0,1.0
1,1.0,0.24831860741131478,0.125,0.0,0.17838101240466644,1.9210526315789473,0.0,0.0,1.0,0.0,0.0,0.0,0.0,1.0
1,0.5,0.0373203217723856,0.125,0.1111111111111111,0.41378947059385185,1.8552631578947367,0.0,0.0,0.0,1.0,0.0,0.0,0.0,1.0
1,0.0,0.5780034287221416,0.0,0.0,0.4263925589522145,0.3684210526315789,0.0,0.0,1.0,0.0,1.0,0.0,0.0,0.0
1,0.0,0.7626269286562047,0.0,0.0,0.7538241770418358,0.5657894736842105,0.0,0.0,1.0,0.0,1.0,0.0,0.0,0.0
0,1.0,0.3894120749974789,0.0,0.0,0.17575453833860336,1.9210526315789473,1.0,0.0,0.0,1.0,0.0,0.0,1.0,0.0
0,1.0,0.5516286430172755,0.0,0.1111111111111111,0.19169141169923107,1.9210526315789473,0.0,0.0,0.0,1.0,0.0,0.0,0.0,1.0
1,1.0,0.3894120749974789,0.0,0.0,0.17575453833860336,1.9210526315789473,1.0,0.0,1.0,0.0,0.0,0.0,1.0,0.0
0,0.5,0.31425557167348017,0.0,0.0,0.2774768974449705,1.9210526315789473,0.0,0.0,1.0,0.0,0.0,0.0,0.0,1.0
0,1.0,0.36700514308321247,0.0,0.0,0.21579379444138017,1.9210526315789473,0.0,0.0,0.0,1.0,0.0,0.0,0.0,1.0
0,1.0,0.3894120749974789,1.0,0.2222222222222222,0.6072904695810064,1.9210526315789473,1.0,0.0,0.0,1.0,0.0,0.0,0.0,1.0
0,1.0,0.44612950019781095,0.0,0.0,0.1410372122419509,1.9210526315789473,0.0,0.0,0.0,1.0,0.0,0.0,0.0,1.0
0,1.0,0.5977845180007912,0.0,0.0,0.16195988003795933,1.9210526315789473,0.0,0.0,0.0,1.0,1.0,0.0,0.0,0.0
1,1.0,0.23513121455888172,0.0,0.0,0.18322344130066578,1.9210526315789473,0.0,0.0,0.0,1.0,0.0,0.0,0.0,1.0
0,1.0,0.024132928919952525,0.0,0.1111111111111111,0.2347723492134239,1.907894736842105,0.0,0.0,1.0,0.0,0.0,0.0,0.0,1.0
0,1.0,0.41975471449294477,0.125,0.0,0.31645836989588183,1.9210526315789473,0.0,0.0,0.0,1.0,0.0,0.0,0.0,1.0
1,1.0,0.34063035737834635,0.0,0.0,0.34989451691968676,1.9210526315789473,0.0,0.0,0.0,1.0,1.0,0.0,0.0,0.0
1,1.0,0.20875642885401557,0.0,0.0,0.17575453833860336,1.9210526315789473,0.0,0.0,1.0,0.0,0.0,0.0,1.0,0.0
1,0.0,0.5252538573124094,0.0,0.0,0.448379684636366,0.10526315789473684,0.0,0.0,0.0,1.0,1.0,0.0,0.0,0.0
0,1.0,0.31425557167348017,0.0,0.0,0.1571379140783534,1.9210526315789473,0.0,0.0,0.0,1.0,0.0,0.0,0.0,1.0
1,0.5,0.459316893050244,0.0,0.0,0.3717885276684728,1.9210526315789473,0.0,0.0,1.0,0.0,0.0,0.0,0.0,1.0
0,1.0,0.287880785968614,0.0,0.0,0.16263918113927697,1.9210526315789473,0.0,0.0,0.0,1.0,0.0,0.0,0.0,1.0
0,0.5,0.3933799287880786,0.0,0.0,0.2774768974449705,1.9210526315789473,0.0,0.0,0.0,1.0,0.0,0.0,0.0,1.0
0,1.0,0.3894120749974789,0.125,0.0,0.17575453833860336,1.9210526315789473,1.0,0.0,0.0,1.0,0.0,0.0,1.0,0.0
1,0.0,0.4065673216405117,0.125,0.0,0.7032145911681464,1.3552631578947367,0.0,0.0,1.0,0.0,1.0,0.0,0.0,0.0
1,1.0,0.3538177502307794,0.0,0.0,0.18014579674700062,1.9210526315789473,0.0,0.0,1.0,0.0,0.0,0.0,0.0,1.0
0,0.5,0.5516286430172755,0.125,0.0,0.4212113881361965,1.9210526315789473,0.0,0.0,0.0,1.0,0.0,0.0,0.0,1.0
1,0.0,0.41975471449294477,0.0,0.0,0.625484871492051,1.2236842105263157,0.0,0.0,1.0,0.0,1.0,0.0,0.0,0.0
0,0.5,0.3933799287880786,0.0,0.0,0.23547595451959144,1.9210526315789473,0.0,0.0,0.0,1.0,0.0,0.0,0.0,1.0
1,1.0,0.20875642885401557,0.0,0.0,0.18322344130066578,1.9210526315789473,0.0,0.0,0.0,1.0,0.0,0.0,0.0,1.0
0,0.5,0.3538177502307794,0.0,0.0,0.2774768974449705,1.9210526315789473,0.0,0.0,0.0,1.0,0.0,0.0,0.0,1.0
0,1.0,0.6703151786891732,0.0,0.0,0.18322344130066578,1.9210526315789473,0.0,0.0,0.0,1.0,0.0,0.0,0.0,1.0
0,1.0,0.3894120749974789,0.0,0.0,0.17941986572699406,1.9210526315789473,1.0,0.0,0.0,1.0,0.0,0.0,0.0,1.0
1,0.0,0.4988790716075432,0.125,0.0,0.6579816377480676,1.144736842105263,0.0,0.0,0.0,1.0,0.0,0.0,0.0,1.0
0,1.0,0.287880785968614,0.0,0.0,0.21266390121461895,1.9210526315789473,0.0,0.0,0.0,1.0,0.0,0.0,0.0,1.0
1,0.5,0.24831860741131478,0.0,0.0,0.23547595451959144,1.9210526315789473,0.0,0.0,0.0,1.0,0.0,0.0,0.0,1.0
0,1.0,0.2680996966899644,0.0,0.0,0.16263918113927697,1.9210526315789473,0.0,0.0,0.0,1.0,0.0,0.0,0.0,1.0
0,0.5,0.23513121455888172,0.0,0.0,0.2774768974449705,1.9210526315789473,0.0,0.0,0.0,1.0,0.0,0.0,0.0,1.0
0,1.0,0.3894120749974789,0.375,0.1111111111111111,0.4097137795401221,1.9210526315789473,1.0,0.0,1.0,0.0,0.0,0.0,0.0,1.0
1,0.0,0.459316893050244,0.125,0.0,0.6431807077124586,1.0526315789473684,0.0,0.0,1.0,0.0,0.0,0.0,0.0,1.0
0,1.0,0.38019253593564556,0.0,0.0,0.176387896287963,1.9210526315789473,0.0,0.0,0.0,1.0,0.0,0.0,0.0,1.0
0,0.5,0.7758143215086378,0.0,0.0,0.2848988149873152,1.9210526315789473,0.0,0.0,0.0,1.0,0.0,0.0,0.0,1.0
1,1.0,0.06369510747725175,0.5,0.2222222222222222,0.45082266603121035,1.9210526315789473,0.0,0.0,1.0,0.0,0.0,0.0,0.0,1.0
0,0.5,0.31425557167348017,0.0,0.0,0.23547595451959144,1.9210526315789473,0.0,0.0,0.0,1.0,0.0,0.0,0.0,1.0
0,1.0,0.3894120749974789,0.0,0.0,0.17061287361475738,1.9210526315789473,1.0,0.0,1.0,0.0,0.0,0.0,0.0,1.0
0,0.5,0.5780034287221416,0.125,0.0,0.41378947059385185,1.9210526315789473,0.0,0.0,0.0,1.0,0.0,0.0,0.0,1.0
1,0.5,0.10325728603455098,0.0,0.2222222222222222,0.4156713746514863,1.9210526315789473,0.0,0.0,1.0,0.0,0.0,0.0,0.0,1.0
0,0.5,0.24831860741131478,0.0,0.0,0.23547595451959144,1.9210526315789473,0.0,0.0,0.0,1.0,0.0,0.0,0.0,1.0
0,0.5,0.43294210734537786,0.0,0.0,0.26619177052690757,1.9210526315789473,0.0,0.0,0.0,1.0,0.0,0.0,0.0,1.0
0,1.0,0.3894120749974789,0.125,0.0,0.29832960483910165,1.9210526315789473,1.0,0.0,1.0,0.0,1.0,0.0,0.0,0.0
1,1.0,0.3894120749974789,0.125,0.0,0.31206711148748467,1.9210526315789473,1.0,0.0,1.0,0.0,0.0,0.0,1.0,0.0
0,0.5,0.38019253593564556,0.0,0.0,0.23547595451959144,1.9210526315789473,0.0,0.0,0.0,1.0,0.0,0.0,0.0,1.0
0,1.0,0.287880785968614,0.0,0.0,0.15921896496140395,1.9210526315789473,0.0,0.0,0.0,1.0,0.0,0.0,0.0,1.0
0,1.0,0.3933799287880786,0.0,0.0,0.16195988003795933,1.9210526315789473,0.0,0.0,0.0,1.0,1.0,0.0,0.0,0.0
0,0.0,0.5780034287221416,0.25,0.0,0.6579816377480676,1.026315789473684,0.0,0.0,0.0,1.0,0.0,0.0,1.0,0.0
0,1.0,0.32744296452591326,0.0,0.0,0.176387896287963,1.9210526315789473,0.0,0.0,1.0,0.0,0.0,0.0,0.0,1.0
1,0.5,0.31425557167348017,0.0,0.2222222222222222,0.29895175428815823,1.9210526315789473,0.0,0.0,1.0,0.0,0.0,0.0,0.0,1.0
1,0.0,0.48569167875511016,0.125,0.1111111111111111,0.5521868685022183,1.3421052631578947,0.0,0.0,0.0,1.0,0.0,0.0,0.0,1.0
0,0.5,0.7098773572464724,0.125,0.0,0.41378947059385185,1.9210526315789473,0.0,0.0,0.0,1.0,0.0,0.0,0.0,1.0
0,1.0,0.3894120749974789,0.0,0.0,0.16263918113927697,1.9210526315789473,1.0,0.0,0.0,1.0,0.0,0.0,0.0,1.0
0,1.0,0.38019253593564556,0.125,0.1111111111111111,0.2347723492134239,1.907894736842105,0.0,0.0,1.0,0.0,0.0,0.0,0.0,1.0
0,0.0,0.815376500065937,0.0,0.0,0.41790614271476545,1.0921052631578947,0.0,0.0,0.0,1.0,0.0,0.0,0.0,1.0
0,1.0,0.3933799287880786,0.125,0.0,0.31953601444954693,1.9210526315789473,0.0,0.0,0.0,1.0,0.0,0.0,0.0,1.0
0,1.0,0.5384412501648425,0.0,0.2222222222222222,0.3642720405290699,1.9210526315789473,0.0,0.0,1.0,0.0,0.0,0.0,0.0,1.0
1,1.0,0.38019253593564556,0.0,0.2222222222222222,0.3088151896762753,1.9210526315789473,0.0,0.0,1.0,0.0,1.0,0.0,0.0,0.0
1,0.0,0.3894120749974789,0.0,0.0,0.6328422499044459,1.9210526315789473,1.0,0.0,1.0,0.0,1.0,0.0,0.0,0.0
1,0.0,0.3933799287880786,0.0,0.0,0.6501811686484248,0.5263157894736842,0.0,0.0,1.0,0.0,0.0,0.0,0.0,1.0
1,0.0,0.459316893050244,0.0,0.0,1.0,1.9210526315789473,0.0,0.0,1.0,0.0,1.0,0.0,0.0,0.0
1,0.5,0.6571277858367401,0.0,0.1111111111111111,0.41378947059385185,1.9210526315789473,0.0,0.0,1.0,0.0,0.0,0.0,0.0,1.0
0,1.0,0.3894120749974789,0.0,0.0,0.17575453833860336,1.9210526315789473,1.0,0.0,0.0,1.0,0.0,0.0,1.0,0.0
1,1.0,0.0373203217723856,0.5,0.2222222222222222,0.45082266603121035,1.9210526315789473,0.0,0.0,0.0,1.0,0.0,0.0,0.0,1.0
0,0.0,0.6835025715416063,0.125,0.1111111111111111,0.6339564595325519,1.763157894736842,0.0,0.0,0.0,1.0,0.0,0.0,0.0,1.0
0,0.0,0.5252538573124094,0.0,0.0,0.45921320232475304,0.6052631578947368,0.0,1.0,0.0,1.0,0.0,0.0,0.0,1.0
0,1.0,0.3894120749974789,0.0,0.0,0.17575453833860336,1.9210526315789473,1.0,0.0,1.0,0.0,0.0,0.0,1.0,0.0
0,0.5,0.47250428590267707,0.0,0.0,0.23547595451959144,1.9210526315789473,0.0,0.0,0.0,1.0,0.0,0.0,0.0,1.0
0,1.0,0.20875642885401557,0.5,0.1111111111111111,0.4969637309481857,1.9210526315789473,0.0,0.0,0.0,1.0,0.0,0.0,0.0,1.0
1,1.0,0.32744296452591326,0.125,0.0,0.176387896287963,1.9210526315789473,0.0,0.0,0.0,1.0,0.0,0.0,0.0,1.0
1,0.0,0.7626269286562047,0.0,0.1111111111111111,0.7629272232803619,0.75,0.0,0.0,1.0,0.0,0.0,0.0,0.0,1.0
1,0.0,0.459316893050244,0.0,0.0,0.7386397663449635,1.1710526315789473,0.0,0.0,1.0,0.0,0.0,0.0,0.0,1.0
0,0.0,0.3894120749974789,0.0,0.0,0.448379684636366,1.9210526315789473,1.0,0.0,0.0,1.0,0.0,0.0,0.0,1.0
1,1.0,0.32744296452591326,0.0,0.0,0.45921320232475304,1.9210526315789473,0.0,1.0,0.0,1.0,0.0,0.0,0.0,1.0
1,0.5,0.5384412501648425,0.0,0.1111111111111111,0.3572146411138756,1.9210526315789473,0.0,0.0,1.0,0.0,0.0,0.0,0.0,1.0
0,0.0,0.48569167875511016,0.0,0.1111111111111111,0.4399548472755884,0.7105263157894737,0.0,0.0,0.0,1.0,1.0,0.0,0.0,0.0
1,1.0,0.3894120749974789,0.0,0.0,0.17575453833860336,1.9210526315789473,1.0,0.0,1.0,0.0,0.0,0.0,1.0,0.0
1,0.0,0.8285638929183701,0.125,0.0,0.6297346231872049,1.4868421052631577,0.0,0.0,1.0,0.0,0.0,0.0,0.0,1.0
0,1.0,0.5911908215745747,0.0,0.0,0.17575453833860336,1.9210526315789473,0.0,0.0,1.0,0.0,0.0,0.0,0.0,1.0
0,0.5,0.3894120749974789,0.0,0.0,0.45921320232475304,1.9210526315789473,1.0,1.0,0.0,1.0,0.0,0.0,0.0,1.0
0,1.0,0.0900698931821179,0.5,0.1111111111111111,0.43611016733579877,1.9210526315789473,0.0,0.0,0.0,1.0,0.0,0.0,1.0,0.0
1,1.0,0.459316893050244,0.125,0.1111111111111111,0.36463655865622036,1.9210526315789473,0.0,0.0,1.0,0.0,0.0,0.0,0.0,1.0
0,1.0,0.8549386786232362,0.0,0.0,0.17575453833860336,1.9210526315789473,0.0,0.0,0.0,1.0,0.0,0.0,1.0,0.0
0,1.0,0.36700514308321247,0.0,0.0,0.17838101240466644,1.9210526315789473,0.0,0.0,0.0,1.0,0.0,0.0,0.0,1.0
0,1.0,0.20875642885401557,0.0,0.0,0.21579379444138017,1.9210526315789473,0.0,0.0,0.0,1.0,0.0,0.0,0.0,1.0
1,1.0,0.24831860741131478,0.0,0.0,0.18322344130066578,1.9210526315789473,0.0,0.0,0.0,1.0,0.0,0.0,0.0,1.0
0,0.0,0.3894120749974789,0.0,0.0,0.41378947059385185,0.039473684210526314,1.0,0.0,0.0,1.0,0.0,0.0,0.0,1.0
0,1.0,0.43294210734537786,0.0,0.0,0.19764458417900724,1.9210526315789473,0.0,0.0,0.0,1.0,1.0,0.0,0.0,0.0
1,1.0,0.3933799287880786,0.0,0.0,0.21579379444138017,1.9210526315789473,0.0,0.0,0.0,1.0,0.0,0.0,0.0,1.0
0,1.0,0.287880785968614,0.0,0.0,0.17941986572699406,1.9210526315789473,0.0,0.0,0.0,1.0,0.0,0.0,0.0,1.0
1,0.5,0.5516286430172755,0.0,0.0,0.2774768974449705,1.9210526315789473,0.0,0.0,0.0,1.0,0.0,0.0,0.0,1.0
1,1.0,0.287880785968614,0.0,0.0,0.17575453833860336,1.9210526315789473,0.0,0.0,1.0,0.0,0.0,0.0,1.0,0.0
1,0.0,0.34063035737834635,0.0,0.0,0.631971256824203,1.9210526315789473,0.0,0.0,1.0,0.0,0.0,0.0,0.0,1.0
1,0.0,0.24831860741131478,0.125,0.0,0.6603257530084704,0.40789473684210525,0.0,0.0,1.0,0.0,1.0,0.0,0.0,0.0
0,0.5,0.47250428590267707,0.0,0.0,0.27557681045788907,1.1842105263157894,0.0,0.0,0.0,1.0,1.0,0.0,0.0,0.0
0,1.0,0.31425557167348017,0.0,0.0,0.20185582589697895,1.9210526315789473,0.0,0.0,1.0,0.0,0.0,0.0,0.0,1.0
0,1.0,0.31425557167348017,0.0,0.0,0.17941986572699406,1.9210526315789473,0.0,0.0,0.0,1.0,0.0,0.0,0.0,1.0
0,0.0,0.3894120749974789,0.0,0.0,0.4263925589522145,1.9210526315789473,1.0,0.0,0.0,1.0,1.0,0.0,0.0,0.0
0,1.0,0.3076618752472636,0.0,0.0,0.16207416673816763,1.9210526315789473,0.0,0.0,0.0,1.0,1.0,0.0,0.0,0.0
0,0.0,0.024132928919952525,0.125,0.2222222222222222,0.7604610138838145,0.8157894736842105,0.0,0.0,1.0,0.0,0.0,0.0,0.0,1.0
1,0.0,0.3894120749974789,0.0,0.0,0.44518193168729836,0.6710526315789473,1.0,0.0,0.0,1.0,0.0,0.0,0.0,1.0
1,0.0,0.6571277858367401,0.0,0.1111111111111111,0.8569370434984311,0.47368421052631576,0.0,0.0,1.0,0.0,1.0,0.0,0.0,0.0
1,1.0,0.3894120749974789,0.0,0.0,0.17575453833860336,1.9210526315789473,1.0,0.0,1.0,0.0,0.0,0.0,1.0,0.0
1,1.0,0.3894120749974789,0.25,0.0,0.39180485515638985,1.9210526315789473,1.0,0.0,0.0,1.0,0.0,0.0,1.0,0.0
0,1.0,0.24831860741131478,0.0,0.0,0.45921320232475304,1.9210526315789473,0.0,1.0,0.0,1.0,0.0,0.0,0.0,1.0
1,0.5,0.3894120749974789,0.0,0.0,0.26738968777385597,1.526315789473684,1.0,0.0,1.0,0.0,0.0,0.0,1.0,0.0
0,1.0,0.3894120749974789,0.0,0.0,0.18322344130066578,1.9210526315789473,1.0,0.0,0.0,1.0,0.0,0.0,0.0,1.0
1,0.0,0.009890544639324808,0.125,0.2222222222222222,0.7604610138838145,0.8157894736842105,0.0,0.0,0.0,1.0,0.0,0.0,0.0,1.0
1,0.0,0.3894120749974789,0.0,0.0,0.6990178826054146,1.9210526315789473,1.0,0.0,1.0,0.0,1.0,0.0,0.0,0.0
1,0.0,0.22194382170644866,0.125,0.0,0.6954685560268514,0.9736842105263157,0.0,0.0,1.0,0.0,1.0,0.0,0.0,0.0
0,0.5,0.3933799287880786,0.125,0.0,0.3980484739472676,1.9210526315789473,0.0,0.0,0.0,1.0,1.0,0.0,0.0,0.0
1,0.0,0.3933799287880786,0.0,0.0,0.5679122632956122,1.644736842105263,0.0,0.0,1.0,0.0,1.0,0.0,0.0,0.0
1,0.0,0.31425557167348017,0.0,0.0,0.6424331800960329,0.9473684210526315,0.0,0.0,1.0,0.0,1.0,0.0,0.0,0.0
1,0.0,0.23513121455888172,0.25,0.2222222222222222,0.8683982723614436,0.4605263157894737,0.0,0.0,1.0,0.0,1.0,0.0,0.0,0.0
0,0.5,0.34063035737834635,0.125,0.1111111111111111,0.41378947059385185,1.9210526315789473,0.0,0.0,1.0,0.0,0.0,0.0,0.0,1.0
0,1.0,0.36700514308321247,0.0,0.0,0.17941986572699406,1.9210526315789473,0.0,0.0,0.0,1.0,0.0,0.0,0.0,1.0
0,0.5,0.5648160358697086,0.125,0.1111111111111111,0.4156713746514863,1.9210526315789473,0.0,0.0,0.0,1.0,0.0,0.0,0.0,1.0
1,1.0,0.34063035737834635,0.0,0.0,0.17838101240466644,1.9210526315789473,0.0,0.0,1.0,0.0,0.0,0.0,0.0,1.0
1,0.5,0.31425557167348017,0.125,0.0,0.41378947059385185,1.9210526315789473,0.0,0.0,1.0,0.0,0.0,0.0,0.0,1.0
0,0.5,0.7098773572464724,0.0,0.0,0.29205078399956763,1.9210526315789473,0.0,0.0,0.0,1.0,0.0,0.0,0.0,1.0
1,0.0,0.4065673216405117,0.0,0.2222222222222222,0.7770238337386797,1.0,0.0,0.0,1.0,0.0,0.0,0.0,0.0,1.0
1,0.0,0.5252538573124094,0.125,0.1111111111111111,0.7369896682483981,1.631578947368421,0.0,0.0,1.0,0.0,1.0,0.0,0.0,0.0
0,1.0,0.287880785968614,0.0,0.0,0.16263918113927697,1.9210526315789473,0.0,0.0,0.0,1.0,0.0,0.0,0.0,1.0
0,1.0,0.3538177502307794,0.0,0.0,0.17941986572699406,1.9210526315789473,0.0,0.0,0.0,1.0,0.0,0.0,0.0,1.0
1,0.5,0.3933799287880786,0.0,0.0,0.26738968777385597,1.9210526315789473,0.0,0.0,1.0,0.0,0.0,0.0,1.0,0.0
1,0.5,0.287880785968614,0.125,0.1111111111111111,0.4352643274370396,1.9210526315789473,0.0,0.0,1.0,0.0,0.0,0.0,0.0,1.0
0,1.0,0.3894120749974789,1.0,0.2222222222222222,0.6072904695810064,1.9210526315789473,1.0,0.0,0.0,1.0,0.0,0.0,0.0,1.0
1,0.0,0.47250428590267707,0.0,0.0,0.7386397663449635,0.8552631578947368,0.0,0.0,1.0,0.0,1.0,0.0,0.0,0.0
0,1.0,0.8021891072135039,0.0,0.0,0.13305756915988712,1.9210526315789473,0.0,0.0,0.0,1.0,0.0,0.0,0.0,1.0
1,0.5,0.47250428590267707,0.0,0.0,0.2774768974449705,1.1842105263157894,0.0,0.0,1.0,0.0,0.0,0.0,0.0,1.0
1,1.0,0.4065673216405117,0.125,0.1111111111111111,0.3672892441326385,1.9210526315789473,0.0,0.0,1.0,0.0,0.0,0.0,0.0,1.0
1,0.0,0.20875642885401557,0.0,0.1111111111111111,0.5715063624982578,0.22368421052631576,0.0,0.0,1.0,0.0,1.0,0.0,0.0,0.0
1,1.0,0.3894120749974789,0.25,0.0,0.39180485515638985,1.9210526315789473,1.0,0.0,1.0,0.0,0.0,0.0,1.0,0.0
0,0.0,0.5977845180007912,0.0,0.0,0.43184411125916655,0.7368421052631579,0.0,0.0,0.0,1.0,0.0,0.0,0.0,1.0
0,0.0,0.4988790716075432,0.0,0.1111111111111111,0.7629272232803619,1.118421052631579,0.0,0.0,0.0,1.0,0.0,0.0,0.0,1.0
0,1.0,0.20875642885401557,0.25,0.0,0.34147364446729134,1.9210526315789473,0.0,0.0,0.0,1.0,0.0,0.0,0.0,1.0
1,0.0,0.3894120749974789,0.125,0.0,0.7357429077622799,1.9210526315789473,1.0,0.0,1.0,0.0,0.0,0.0,0.0,1.0
0,1.0,0.3894120749974789,0.0,0.0,0.17941986572699406,1.9210526315789473,1.0,0.0,0.0,1.0,0.0,0.0,0.0,1.0
0,0.0,0.38019253593564556,0.125,0.0,0.598767071005616,0.8026315789473684,0.0,0.0,0.0,1.0,0.0,0.0,0.0,1.0
1,0.0,0.5384412501648425,0.0,0.0,0.7369896682483981,1.6710526315789473,0.0,0.0,1.0,0.0,1.0,0.0,0.0,0.0
1,1.0,0.5911908215745747,0.0,0.0,0.18322344130066578,1.9210526315789473,0.0,0.0,0.0,1.0,0.0,0.0,0.0,1.0
0,0.0,0.5911908215745747,0.0,0.0,0.47503571860856,1.9342105263157894,0.0,0.0,0.0,1.0,0.0,0.0,0.0,1.0
1,0.5,0.024132928919952525,0.125,0.1111111111111111,0.41378947059385185,1.8552631578947367,0.0,0.0,0.0,1.0,0.0,0.0,0.0,1.0
1,0.0,0.31425557167348017,0.375,0.2222222222222222,0.8688661704486751,0.8289473684210525,0.0,0.0,1.0,0.0,0.0,0.0,0.0,1.0
0,0.5,0.36700514308321247,0.0,0.0,0.2774768974449705,1.9210526315789473,0.0,0.0,0.0,1.0,0.0,0.0,0.0,1.0
0,0.5,0.32744296452591326,0.0,0.0,0.2774768974449705,1.9210526315789473,0.0,0.0,0.0,1.0,0.0,0.0,0.0,1.0
0,0.5,0.47250428590267707,0.0,0.0,0.2774768974449705,1.9210526315789473,0.0,0.0,0.0,1.0,0.0,0.0,0.0,1.0
1,0.5,0.31425557167348017,0.0,0.0,0.2774768974449705,1.8684210526315788,0.0,0.0,1.0,0.0,0.0,0.0,0.0,1.0
1,0.5,0.5252538573124094,0.0,0.0,0.2774768974449705,1.9210526315789473,0.0,0.0,1.0,0.0,0.0,0.0,0.0,1.0
1,1.0,0.3894120749974789,0.125,0.0,0.31953601444954693,1.9210526315789473,1.0,0.0,1.0,0.0,0.0,0.0,0.0,1.0
1,1.0,0.0373203217723856,0.125,0.1111111111111111,0.31707776402458576,1.9210526315789473,0.0,0.0,0.0,1.0,0.0,0.0,0.0,1.0
0,1.0,0.5516286430172755,0.0,0.0,0.19764458417900724,1.9210526315789473,0.0,0.0,0.0,1.0,0.0,0.0,0.0,1.0
0,1.0,0.3010681788210471,0.0,0.0,0.2100170581194282,1.9210526315789473,0.0,0.0,0.0,1.0,0.0,0.0,0.0,1.0
0,0.0,0.3894120749974789,0.0,0.0,0.47224620413146245,0.7763157894736842,1.0,0.0,0.0,1.0,0.0,0.0,0.0,1.0
0,1.0,0.19556903600158249,0.125,0.1111111111111111,0.16207416673816763,1.9210526315789473,0.0,0.0,0.0,1.0,1.0,0.0,0.0,0.0
0,1.0,0.32744296452591326,0.125,0.0,0.33927633140332425,1.9210526315789473,0.0,0.0,0.0,1.0,0.0,0.0,0.0,1.0
0,1.0,0.3894120749974789,0.0,0.0,0.16195988003795933,1.9210526315789473,1.0,0.0,0.0,1.0,1.0,0.0,0.0,0.0
0,1.0,0.36700514308321247,0.0,0.0,0.21579379444138017,1.9210526315789473,0.0,0.0,0.0,1.0,0.0,0.0,0.0,1.0
1,0.0,0.287880785968614,0.0,0.1111111111111111,0.5611324565326629,1.6184210526315788,0.0,0.0,1.0,0.0,0.0,0.0,0.0,1.0
0,0.5,0.4988790716075432,0.0,0.0,0.2774768974449705,1.9210526315789473,0.0,0.0,1.0,0.0,0.0,0.0,0.0,1.0
1,1.0,0.3894120749974789,0.0,0.0,0.17900598106624913,1.9210526315789473,1.0,0.0,1.0,0.0,0.0,0.0,1.0,0.0
1,1.0,0.3894120749974789,0.0,0.0,0.17900598106624913,1.9210526315789473,1.0,0.0,1.0,0.0,0.0,0.0,1.0,0.0
0,1.0,0.5252538573124094,0.125,0.4444444444444444,0.42765975184228133,1.9210526315789473,0.0,0.0,0.0,1.0,0.0,0.0,0.0,1.0
0,0.5,0.38019253593564556,0.125,0.0,0.4263925589522145,1.9210526315789473,0.0,0.0,0.0,1.0,1.0,0.0,0.0,0.0
0,1.0,0.5911908215745747,0.0,0.1111111111111111,0.29832960483910165,1.9210526315789473,0.0,0.0,1.0,0.0,1.0,0.0,0.0,0.0
0,1.0,0.459316893050244,0.0,0.0,0.1571379140783534,1.9210526315789473,0.0,0.0,0.0,1.0,0.0,0.0,0.0,1.0
0,1.0,0.3894120749974789,0.125,0.0,0.31206711148748467,1.9210526315789473,1.0,0.0,0.0,1.0,0.0,0.0,1.0,0.0
0,1.0,0.3933799287880786,0.0,0.0,0.16263918113927697,1.9210526315789473,0.0,0.0,0.0,1.0,0.0,0.0,0.0,1.0
1,0.0,0.7890017143610708,0.125,0.0,0.6227811758534499,1.3684210526315788,0.0,0.0,1.0,0.0,1.0,0.0,0.0,0.0
1,1.0,0.3894120749974789,0.0,0.0,0.16207416673816763,1.9210526315789473,1.0,0.0,1.0,0.0,1.0,0.0,0.0,0.0
1,1.0,0.3894120749974789,0.0,0.0,0.17575453833860336,1.9210526315789473,1.0,0.0,1.0,0.0,0.0,0.0,1.0,0.0
1,0.0,0.31425557167348017,0.0,0.0,0.6065823036256511,0.3157894736842105,0.0,0.0,1.0,0.0,1.0,0.0,0.0,0.0
1,0.0,0.32744296452591326,0.125,0.0,0.5627054868118111,1.7236842105263157,0.0,0.0,0.0,1.0,1.0,0.0,0.0,0.0
0,1.0,0.23513121455888172,0.125,0.0,0.1410372122419509,1.9210526315789473,0.0,0.0,0.0,1.0,0.0,0.0,0.0,1.0
0,1.0,0.24831860741131478,0.0,0.0,0.18322344130066578,1.9210526315789473,0.0,0.0,0.0,1.0,0.0,0.0,0.0,1.0
0,0.0,0.287880785968614,0.0,0.0,0.7386397663449635,1.9210526315789473,0.0,0.0,0.0,1.0,1.0,0.0,0.0,0.0
0,1.0,0.0373203217723856,0.375,0.1111111111111111,0.3724896245725039,1.9210526315789473,0.0,0.0,1.0,0.0,0.0,0.0,0.0,1.0
1,0.0,0.3894120749974789,0.125,0.0,0.6400839074714243,1.9210526315789473,1.0,0.0,1.0,0.0,1.0,0.0,0.0,0.0
1,1.0,0.287880785968614,0.0,0.0,0.16263918113927697,1.9210526315789473,0.0,0.0,1.0,0.0,0.0,0.0,0.0,1.0
0,0.0,0.3538177502307794,0.0,0.2222222222222222,0.8260087973257975,1.0394736842105263,0.0,0.0,0.0,1.0,1.0,0.0,0.0,0.0
0,1.0,0.2615060002637479,0.0,0.0,0.04629918033889699,1.9210526315789473,0.0,0.0,0.0,1.0,1.0,0.0,0.0,0.0
0,1.0,0.24831860741131478,0.0,0.0,0.176387896287963,1.9210526315789473,0.0,0.0,0.0,1.0,0.0,0.0,0.0,1.0
1,0.0,0.5516286430172755,0.0,0.0,0.8403717002687507,1.9210526315789473,0.0,0.0,1.0,0.0,1.0,0.0,0.0,0.0
1,1.0,0.010945536067519452,0.0,0.2222222222222222,0.31511003550492445,1.9210526315789473,0.0,0.0,1.0,0.0,1.0,0.0,0.0,0.0
0,1.0,0.41975471449294477,0.0,0.0,0.18014579674700062,1.9210526315789473,0.0,0.0,0.0,1.0,0.0,0.0,0.0,1.0
1,0.0,0.459316893050244,0.125,0.0,0.5501020437427332,1.9210526315789473,0.0,0.0,1.0,0.0,0.0,0.0,0.0,1.0
0,1.0,0.3894120749974789,0.0,0.0,0.17941986572699406,1.9210526315789473,1.0,0.0,0.0,1.0,0.0,0.0,0.0,1.0
0,0.5,0.23513121455888172,0.0,0.0,0.6181537276874405,1.9210526315789473,0.0,0.0,0.0,1.0,0.0,0.0,0.0,1.0
0,1.0,0.010945536067519452,0.625,0.2222222222222222,0.5298018709229422,1.9210526315789473,0.0,0.0,0.0,1.0,0.0,0.0,0.0,1.0
1,0.5,0.47250428590267707,0.0,0.0,0.2774768974449705,1.9210526315789473,0.0,0.0,1.0,0.0,0.0,0.0,0.0,1.0
0,1.0,0.3894120749974789,0.0,0.0,0.17522602550764863,1.9210526315789473,1.0,0.0,0.0,1.0,0.0,0.0,1.0,0.0
1,0.5,0.22194382170644866,0.0,0.0,0.26173590079838627,1.9210526315789473,0.0,0.0,1.0,0.0,1.0,0.0,0.0,0.0
1,0.0,0.47250428590267707,0.125,0.2222222222222222,0.7145564672280437,0.6184210526315789,0.0,0.0,0.0,1.0,0.0,0.0,0.0,1.0
1,1.0,0.27469339311618096,0.0,0.0,0.17691329997660796,1.9210526315789473,0.0,0.0,0.0,1.0,0.0,0.0,0.0,1.0
0,1.0,0.36700514308321247,0.25,0.0,0.18014579674700062,1.9210526315789473,0.0,0.0,0.0,1.0,0.0,0.0,0.0,1.0
1,0.0,0.3010681788210471,0.125,0.0,0.7032145911681464,1.3552631578947367,0.0,0.0,1.0,0.0,1.0,0.0,0.0,0.0
1,1.0,0.31425557167348017,0.0,0.2222222222222222,0.32673160273075785,1.907894736842105,0.0,0.0,1.0,0.0,0.0,0.0,0.0,1.0
0,1.0,0.287880785968614,0.0,0.0,0.17691329997660796,1.9210526315789473,0.0,0.0,0.0,1.0,0.0,0.0,0.0,1.0
0,1.0,0.4065673216405117,0.0,0.0,0.17838101240466644,1.9210526315789473,0.0,0.0,1.0,0.0,0.0,0.0,0.0,1.0
0,0.5,0.6043782144270078,0.0,0.0,0.41378947059385185,1.9210526315789473,0.0,0.0,0.0,1.0,0.0,0.0,0.0,1.0
0,0.5,0.3010681788210471,0.0,0.0,0.23547595451959144,1.9210526315789473,0.0,0.0,0.0,1.0,0.0,0.0,0.0,1.0
1,0.5,0.36700514308321247,0.0,0.0,0.2721096937018661,1.9210526315789473,0.0,0.0,1.0,0.0,0.0,0.0,0.0,1.0
1,1.0,0.5120664644599763,0.0,0.0,0.18014579674700062,1.9210526315789473,0.0,0.0,0.0,1.0,0.0,0.0,0.0,1.0
0,1.0,0.34063035737834635,0.0,0.0,0.18322344130066578,1.9210526315789473,0.0,0.0,0.0,1.0,0.0,0.0,0.0,1.0
0,1.0,0.27469339311618096,0.125,0.0,0.22240902915730157,1.9210526315789473,0.0,0.0,1.0,0.0,0.0,0.0,0.0,1.0
0,1.0,0.36700514308321247,0.125,0.0,0.31645836989588183,1.9210526315789473,0.0,0.0,0.0,1.0,0.0,0.0,0.0,1.0
0,1.0,0.2615060002637479,0.0,0.0,0.19764458417900724,1.9210526315789473,0.0,0.0,1.0,0.0,0.0,0.0,0.0,1.0
0,0.5,0.44612950019781095,0.125,0.0,0.3717885276684728,1.9210526315789473,0.0,0.0,0.0,1.0,0.0,0.0,0.0,1.0
0,1.0,0.6703151786891732,0.0,0.0,0.17575453833860336,1.9210526315789473,0.0,0.0,0.0,1.0,0.0,0.0,0.0,1.0
1,0.5,0.0373203217723856,0.125,0.1111111111111111,0.34950159476441334,1.9210526315789473,0.0,0.0,0.0,1.0,0.0,0.0,0.0,1.0
0,1.0,0.27469339311618096,0.0,0.0,0.176387896287963,1.9210526315789473,0.0,0.0,0.0,1.0,0.0,0.0,0.0,1.0
0,1.0,0.3894120749974789,0.375,0.1111111111111111,0.4097137795401221,1.9210526315789473,1.0,0.0,1.0,0.0,0.0,0.0,0.0,1.0
0,1.0,0.3894120749974789,0.0,0.0,0.17941986572699406,1.9210526315789473,1.0,0.0,0.0,1.0,0.0,0.0,0.0,1.0
0,1.0,0.3894120749974789,0.0,0.0,0.15171645707716844,1.9210526315789473,1.0,0.0,0.0,1.0,0.0,0.0,1.0,0.0
1,0.0,0.43294210734537786,0.125,0.0,0.6579816377480676,1.026315789473684,0.0,0.0,1.0,0.0,0.0,0.0,1.0,0.0
0,0.5,0.3894120749974789,0.0,0.0,0.45921320232475304,1.9210526315789473,1.0,1.0,0.0,1.0,0.0,0.0,0.0,1.0
1,1.0,0.5780034287221416,0.0,0.0,0.18014579674700062,1.9210526315789473,0.0,0.0,0.0,1.0,0.0,0.0,0.0,1.0
0,1.0,0.3894120749974789,0.0,0.0,0.18322344130066578,1.9210526315789473,1.0,0.0,1.0,0.0,0.0,0.0,0.0,1.0
1,0.5,0.44612950019781095,0.125,0.1111111111111111,0.45767231757686544,1.9210526315789473,0.0,0.0,1.0,0.0,0.0,0.0,0.0,1.0
1,0.5,0.23513121455888172,0.0,0.2222222222222222,0.2774768974449705,1.9210526315789473,0.0,0.0,1.0,0.0,0.0,0.0,0.0,1.0
0,0.5,0.3933799287880786,0.0,0.0,0.2774768974449705,1.9210526315789473,0.0,0.0,0.0,1.0,0.0,0.0,0.0,1.0
0,1.0,0.12963207173941713,0.0,0.2222222222222222,0.3992737581184521,1.9210526315789473,0.0,0.0,1.0,0.0,0.0,0.0,0.0,1.0
0,1.0,0.3894120749974789,0.0,0.0,0.17941986572699406,1.9210526315789473,1.0,0.0,0.0,1.0,1.0,0.0,0.0,0.0
0,1.0,0.27469339311618096,0.0,0.0,0.17533031597288987,1.9210526315789473,0.0,0.0,0.0,1.0,0.0,0.0,1.0,0.0
0,1.0,0.38019253593564556,0.0,0.0,0.17890112503961533,1.9210526315789473,0.0,0.0,0.0,1.0,0.0,0.0,0.0,1.0
0,1.0,0.36700514308321247,0.125,0.1111111111111111,0.29759079748427775,1.9210526315789473,0.0,0.0,1.0,0.0,0.0,0.0,0.0,1.0
0,1.0,0.23513121455888172,0.125,0.1111111111111111,0.3642720405290699,1.9210526315789473,0.0,0.0,0.0,1.0,0.0,0.0,0.0,1.0
0,1.0,0.3894120749974789,0.0,0.0,0.16263918113927697,1.9210526315789473,1.0,0.0,0.0,1.0,0.0,0.0,0.0,1.0
1,0.5,0.36700514308321247,0.125,0.0,0.41378947059385185,1.9210526315789473,0.0,0.0,1.0,0.0,0.0,0.0,0.0,1.0
1,0.5,0.24831860741131478,0.0,0.0,0.41378947059385185,1.9210526315789473,0.0,0.0,1.0,0.0,0.0,0.0,0.0,1.0
0,1.0,0.3894120749974789,0.0,0.0,0.17575453833860336,1.9210526315789473,1.0,0.0,0.0,1.0,0.0,0.0,1.0,0.0
1,1.0,0.41975471449294477,0.0,0.0,0.18322344130066578,1.513157894736842,0.0,0.0,0.0,1.0,0.0,0.0,0.0,1.0
1,0.0,0.36700514308321247,0.0,0.0,0.41790614271476545,0.9342105263157894,0.0,0.0,0.0,1.0,0.0,0.0,0.0,1.0
1,1.0,0.3894120749974789,0.125,0.0,0.31953601444954693,1.9210526315789473,1.0,0.0,1.0,0.0,0.0,0.0,0.0,1.0
1,0.5,0.5516286430172755,0.125,0.0,0.41378947059385185,1.9210526315789473,0.0,0.0,1.0,0.0,0.0,0.0,0.0,1.0
0,1.0,0.22194382170644866,0.0,0.0,0.15921896496140395,1.9210526315789473,0.0,0.0,0.0,1.0,0.0,0.0,0.0,1.0
0,0.0,0.6571277858367401,0.125,0.0,0.5643244423158392,1.6842105263157894,0.0,0.0,0.0,1.0,0.0,0.0,0.0,1.0
1,0.0,0.18238164314914942,0.125,0.2222222222222222,0.7145564672280437,0.6184210526315789,0.0,0.0,1.0,0.0,0.0,0.0,0.0,1.0
0,1.0,0.27469339311618096,0.25,0.2222222222222222,0.4687027303667951,1.9210526315789473,0.0,0.0,1.0,0.0,0.0,0.0,0.0,1.0
1,0.5,0.31425557167348017,0.25,0.3333333333333333,0.34950159476441334,1.9210526315789473,0.0,0.0,1.0,0.0,0.0,0.0,0.0,1.0
0,0.0,0.8417512857708032,0.125,0.4444444444444444,0.8688661704486751,0.8289473684210525,0.0,0.0,0.0,1.0,0.0,0.0,0.0,1.0
0,0.5,0.4065673216405117,0.0,0.0,0.23547595451959144,1.9210526315789473,0.0,0.0,0.0,1.0,0.0,0.0,0.0,1.0
1,0.5,0.5911908215745747,0.125,0.1111111111111111,0.4156713746514863,1.9210526315789473,0.0,0.0,1.0,0.0,0.0,0.0,0.0,1.0
0,1.0,0.2615060002637479,0.0,0.0,0.21579379444138017,1.9210526315789473,0.0,0.0,0.0,1.0,0.0,0.0,0.0,1.0
0,1.0,0.32744296452591326,0.125,0.0,0.176387896287963,1.9210526315789473,0.0,0.0,0.0,1.0,0.0,0.0,0.0,1.0
1,0.5,0.36700514308321247,0.0,0.0,0.2774768974449705,1.9210526315789473,0.0,0.0,1.0,0.0,0.0,0.0,0.0,1.0
1,1.0,0.3894120749974789,0.0,0.0,0.18474438835047938,1.9210526315789473,1.0,0.0,0.0,1.0,0.0,0.0,0.0,1.0
1,0.0,0.05050771462481868,0.0,0.2222222222222222,0.6393345826899439,0.13157894736842105,0.0,0.0,0.0,1.0,0.0,0.0,0.0,1.0
1,0.5,0.16919425029671636,0.0,0.1111111111111111,0.3572146411138756,1.9210526315789473,0.0,0.0,1.0,0.0,0.0,0.0,0.0,1.0
1,0.0,0.44612950019781095,0.0,0.0,0.41790614271476545,1.9210526315789473,0.0,0.0,0.0,1.0,0.0,0.0,0.0,1.0
1,1.0,0.06369510747725175,0.25,0.1111111111111111,0.3547618644201689,1.9210526315789473,0.0,0.0,1.0,0.0,1.0,0.0,0.0,0.0
1,0.0,0.6835025715416063,0.0,0.0,0.44518193168729836,0.6578947368421052,0.0,0.0,0.0,1.0,0.0,0.0,0.0,1.0
0,0.5,0.47250428590267707,0.125,0.2222222222222222,0.42659960117084317,1.9210526315789473,0.0,0.0,0.0,1.0,0.0,0.0,0.0,1.0
0,1.0,0.3894120749974789,0.125,0.0,0.3618658696760091,1.9210526315789473,1.0,0.0,0.0,1.0,0.0,0.0,0.0,1.0
0,0.0,0.3933799287880786,0.0,0.0,0.42659960117084317,0.6973684210526315,0.0,0.0,0.0,1.0,1.0,0.0,0.0,0.0
1,0.0,0.643940392984307,0.125,0.0,0.6560144339241418,1.131578947368421,0.0,0.0,0.0,1.0,1.0,0.0,0.0,0.0
0,1.0,0.3894120749974789,0.0,0.0,0.18322344130066578,1.9210526315789473,1.0,0.0,0.0,1.0,0.0,0.0,0.0,1.0
1,1.0,0.38019253593564556,0.0,0.0,0.17941986572699406,1.9210526315789473,0.0,0.0,0.0,1.0,1.0,0.0,0.0,0.0
0,0.0,0.8549386786232362,0.0,0.0,0.41790614271476545,1.657894736842105,0.0,0.0,0.0,1.0,0.0,0.0,0.0,1.0
1,0.0,0.3894120749974789,0.125,0.0,0.549581347276252,1.276315789473684,1.0,0.0,1.0,0.0,0.0,0.0,0.0,1.0
1,0.5,0.6571277858367401,0.0,0.0,0.23547595451959144,1.9210526315789473,0.0,0.0,1.0,0.0,0.0,0.0,0.0,1.0
0,1.0,0.3894120749974789,0.0,0.0,0.17575453833860336,1.9210526315789473,1.0,0.0,0.0,1.0,0.0,0.0,1.0,0.0
1,0.0,0.630753000131874,0.0,0.0,0.41790614271476545,1.5394736842105263,0.0,0.0,0.0,1.0,0.0,0.0,0.0,1.0
0,1.0,0.44612950019781095,0.0,0.0,0.18322344130066578,1.9210526315789473,0.0,0.0,0.0,1.0,0.0,0.0,0.0,1.0
0,0.0,0.6175656072794409,0.0,0.0,0.49098966327085447,1.75,0.0,0.0,0.0,1.0,0.0,0.0,0.0,1.0
0,0.5,0.630753000131874,0.0,0.0,0.2774768974449705,1.9210526315789473,0.0,0.0,0.0,1.0,0.0,0.0,0.0,1.0
0,1.0,0.3894120749974789,0.0,0.0,0.18322344130066578,1.9210526315789473,1.0,0.0,0.0,1.0,0.0,0.0,0.0,1.0
0,1.0,0.4988790716075432,0.0,0.0,0.1571379140783534,1.9210526315789473,0.0,0.0,0.0,1.0,0.0,0.0,0.0,1.0
0,0.5,0.3894120749974789,0.0,0.0,0.45921320232475304,1.9210526315789473,1.0,1.0,0.0,1.0,0.0,0.0,0.0,1.0
0,0.0,0.7362521429513386,0.0,0.0,0.41790614271476545,1.9210526315789473,0.0,0.0,0.0,1.0,0.0,0.0,0.0,1.0
0,1.0,0.3894120749974789,0.0,0.0,0.1751191339948994,1.9210526315789473,1.0,0.0,0.0,1.0,0.0,0.0,1.0,0.0
1,1.0,0.007648687854411184,0.25,0.1111111111111111,0.3547618644201689,1.9210526315789473,0.0,0.0,1.0,0.0,1.0,0.0,0.0,0.0
0,1.0,0.3894120749974789,0.0,0.0,0.16263918113927697,1.9210526315789473,1.0,0.0,0.0,1.0,0.0,0.0,0.0,1.0
0,1.0,0.4988790716075432,0.0,0.0,0.19764458417900724,1.9210526315789473,0.0,0.0,0.0,1.0,0.0,0.0,0.0,1.0
1,0.5,0.43294210734537786,0.125,0.2222222222222222,0.42659960117084317,1.9210526315789473,0.0,0.0,1.0,0.0,0.0,0.0,0.0,1.0
1,0.5,0.3010681788210471,0.0,0.0,0.2891028161697323,1.1842105263157894,0.0,0.0,1.0,0.0,1.0,0.0,0.0,0.0
0,1.0,0.287880785968614,0.0,0.0,0.22265907047934316,1.9210526315789473,0.0,0.0,1.0,0.0,0.0,0.0,0.0,1.0
0,0.0,0.3894120749974789,0.0,0.0,0.5501020437427332,0.013157894736842105,1.0,0.0,0.0,1.0,0.0,0.0,0.0,1.0
0,0.5,0.44612950019781095,0.125,0.0,0.3717885276684728,1.9210526315789473,0.0,0.0,0.0,1.0,0.0,0.0,0.0,1.0
0,1.0,0.38019253593564556,0.125,0.0,0.15702072152280175,1.9210526315789473,0.0,0.0,0.0,1.0,0.0,0.0,0.0,1.0
0,1.0,0.287880785968614,0.0,0.0,0.16985081647037245,1.9210526315789473,0.0,0.0,0.0,1.0,0.0,0.0,0.0,1.0
1,1.0,0.024132928919952525,0.0,0.1111111111111111,0.2663919308223476,1.9210526315789473,0.0,0.0,1.0,0.0,0.0,0.0,0.0,1.0
0,1.0,0.11644467888698405,0.625,0.2222222222222222,0.5298018709229422,1.9210526315789473,0.0,0.0,0.0,1.0,0.0,0.0,0.0,1.0
0,0.5,0.3894120749974789,0.0,0.0,0.45921320232475304,1.9210526315789473,1.0,1.0,0.0,1.0,0.0,0.0,0.0,1.0
0,1.0,0.6571277858367401,0.0,0.0,0.18322344130066578,1.9210526315789473,0.0,0.0,0.0,1.0,0.0,0.0,0.0,1.0
1,1.0,0.8285638929183701,0.0,0.0,0.21759682254356336,1.9210526315789473,0.0,0.0,1.0,0.0,0.0,0.0,0.0,1.0
1,0.0,0.32744296452591326,0.125,0.0,0.6603257530084704,0.40789473684210525,0.0,0.0,0.0,1.0,1.0,0.0,0.0,0.0
0,1.0,0.3894120749974789,0.375,0.1111111111111111,0.4097137795401221,1.9210526315789473,1.0,0.0,1.0,0.0,0.0,0.0,0.0,1.0
1,0.0,0.459316893050244,0.125,0.0,0.6579816377480676,1.144736842105263,0.0,0.0,1.0,0.0,0.0,0.0,0.0,1.0
0,0.0,0.7626269286562047,0.0,0.0,0.4399548472755884,0.3289473684210526,0.0,0.0,0.0,1.0,1.0,0.0,0.0,0.0
0,1.0,0.3933799287880786,0.0,0.0,0.18322344130066578,1.9210526315789473,0.0,0.0,0.0,1.0,0.0,0.0,0.0,1.0
1,1.0,0.11644467888698405,0.125,0.1111111111111111,0.31707776402458576,1.9210526315789473,0.0,0.0,0.0,1.0,0.0,0.0,0.0,1.0
0,1.0,0.3894120749974789,0.125,0.0,0.3618658696760091,1.9210526315789473,1.0,0.0,0.0,1.0,0.0,0.0,0.0,1.0
0,1.0,0.27469339311618096,0.0,0.0,0.16263918113927697,1.9210526315789473,0.0,0.0,0.0,1.0,0.0,0.0,0.0,1.0
0,0.0,0.7230647500989055,0.0,0.0,0.44518193168729836,0.8421052631578947,0.0,0.0,0.0,1.0,0.0,0.0,0.0,1.0
0,0.0,0.9340630357378347,0.0,0.0,0.5404292091193665,1.9210526315789473,0.0,0.0,0.0,1.0,1.0,0.0,0.0,0.0
0,1.0,0.27469339311618096,0.0,0.0,0.18322344130066578,1.9210526315789473,0.0,0.0,0.0,1.0,0.0,0.0,0.0,1.0
0,1.0,0.3894120749974789,0.0,0.0,0.2983853797216546,1.9210526315789473,1.0,0.0,0.0,1.0,1.0,0.0,0.0,0.0
1,0.0,0.7098773572464724,0.125,0.0,0.6305110577341266,1.263157894736842,0.0,0.0,1.0,0.0,1.0,0.0,0.0,0.0
0,1.0,0.3894120749974789,0.0,0.0,0.30692544676363864,1.9210526315789473,1.0,0.0,0.0,1.0,0.0,0.0,0.0,1.0
0,0.0,0.32744296452591326,0.125,0.2222222222222222,0.7604610138838145,0.8157894736842105,0.0,0.0,1.0,0.0,0.0,0.0,0.0,1.0
0,1.0,0.31425557167348017,0.0,0.0,0.17691329997660796,1.9210526315789473,0.0,0.0,0.0,1.0,0.0,0.0,0.0,1.0
0,1.0,0.22194382170644866,0.0,0.0,0.19764458417900724,1.9210526315789473,0.0,0.0,0.0,1.0,0.0,0.0,0.0,1.0
0,1.0,0.27469339311618096,0.0,0.0,0.17575453833860336,1.9210526315789473,0.0,0.0,1.0,0.0,0.0,0.0,1.0,0.0
0,1.0,0.3894120749974789,0.0,0.0,0.17266507837228165,1.9210526315789473,1.0,0.0,1.0,0.0,0.0,0.0,1.0,0.0
0,1.0,0.48569167875511016,0.0,0.0,0.21759682254356336,1.9210526315789473,0.0,0.0,1.0,0.0,0.0,0.0,0.0,1.0
1,0.0,0.20875642885401557,0.0,0.0,0.6501811686484248,0.5526315789473684,0.0,0.0,1.0,0.0,0.0,0.0,0.0,1.0
0,0.0,0.23513121455888172,0.125,0.0,0.6954685560268514,0.9736842105263157,0.0,0.0,0.0,1.0,1.0,0.0,0.0,0.0
1,0.5,0.43294210734537786,0.0,0.2222222222222222,0.41378947059385185,1.9210526315789473,0.0,0.0,1.0,0.0,0.0,0.0,0.0,1.0
1,0.0,0.3894120749974789,0.0,0.0,0.41790614271476545,1.9210526315789473,1.0,0.0,0.0,1.0,0.0,0.0,0.0,1.0
0,1.0,0.36700514308321247,0.0,0.0,0.3855748784503077,1.9210526315789473,0.0,0.0,0.0,1.0,0.0,0.0,0.0,1.0
1,1.0,0.34063035737834635,0.0,0.0,0.5664093889076323,1.9210526315789473,0.0,0.0,0.0,1.0,0.0,0.0,0.0,1.0
1,1.0,0.38019253593564556,0.0,0.0,0.17575453833860336,1.9210526315789473,0.0,0.0,0.0,1.0,0.0,0.0,1.0,0.0
0,1.0,0.3894120749974789,0.0,0.0,0.18322344130066578,1.9210526315789473,1.0,0.0,0.0,1.0,0.0,0.0,0.0,1.0
1,0.0,0.47250428590267707,0.0,0.0,0.4159521134190669,1.5921052631578947,0.0,0.0,0.0,1.0,0.0,0.0,0.0,1.0
1,0.0,0.7098773572464724,0.125,0.0,0.5762674204244698,1.9210526315789473,0.0,0.0,1.0,0.0,1.0,0.0,0.0,0.0
0,1.0,0.31425557167348017,0.0,0.0,0.1691960156000659,1.9210526315789473,0.0,0.0,0.0,1.0,0.0,0.0,0.0,1.0
0,0.0,0.6175656072794409,0.0,0.0,0.46666585968917473,1.394736842105263,0.0,0.0,0.0,1.0,0.0,0.0,0.0,1.0
1,0.5,0.44612950019781095,0.0,0.0,0.23547595451959144,1.8684210526315788,0.0,0.0,1.0,0.0,0.0,0.0,0.0,1.0
0,1.0,0.3894120749974789,0.0,0.0,0.3992737581184521,1.9210526315789473,1.0,0.0,0.0,1.0,0.0,0.0,1.0,0.0
1,0.5,0.47250428590267707,0.125,0.0,0.41378947059385185,1.9210526315789473,0.0,0.0,1.0,0.0,0.0,0.0,0.0,1.0
0,1.0,0.41975471449294477,0.0,0.0,0.17941986572699406,1.9210526315789473,0.0,0.0,0.0,1.0,0.0,0.0,0.0,1.0
1,0.0,0.3933799287880786,0.0,0.0,0.6654844676442765,0.513157894736842,0.0,0.0,1.0,0.0,0.0,0.0,0.0,1.0
0,1.0,0.287880785968614,0.0,0.0,0.17941986572699406,1.9210526315789473,0.0,0.0,0.0,1.0,0.0,0.0,0.0,1.0
0,1.0,0.3894120749974789,0.0,0.0,0.16195988003795933,1.9210526315789473,1.0,0.0,0.0,1.0,1.0,0.0,0.0,0.0
1,0.0,0.5780034287221416,0.0,0.1111111111111111,0.5715063624982578,0.22368421052631576,0.0,0.0,1.0,0.0,1.0,0.0,0.0,0.0
0,1.0,0.3894120749974789,0.0,0.0,0.16207416673816763,1.9210526315789473,1.0,0.0,0.0,1.0,1.0,0.0,0.0,0.0
0,1.0,0.5318475537386259,0.0,0.0,0.17575453833860336,1.9210526315789473,0.0,0.0,0.0,1.0,0.0,0.0,1.0,0.0
1,0.5,0.6571277858367401,0.0,0.0,0.23547595451959144,1.9210526315789473,0.0,0.0,1.0,0.0,0.0,0.0,0.0,1.0
0,0.0,0.3894120749974789,0.0,0.0,0.835341628824424,1.1578947368421053,1.0,0.0,0.0,1.0,0.0,0.0,0.0,1.0
0,1.0,0.5120664644599763,0.0,0.0,0.18014579674700062,1.9210526315789473,0.0,0.0,0.0,1.0,0.0,0.0,0.0,1.0
0,0.5,0.3010681788210471,0.25,0.1111111111111111,0.2533662345624741,1.9210526315789473,0.0,0.0,0.0,1.0,0.0,0.0,0.0,1.0
1,0.5,0.024132928919952525,0.125,0.1111111111111111,0.41378947059385185,1.9210526315789473,0.0,0.0,1.0,0.0,0.0,0.0,0.0,1.0
0,1.0,0.3894120749974789,0.0,0.0,0.16207416673816763,1.9210526315789473,1.0,0.0,0.0,1.0,1.0,0.0,0.0,0.0
0,1.0,0.22194382170644866,0.125,0.1111111111111111,0.16207416673816763,1.9210526315789473,0.0,0.0,0.0,1.0,1.0,0.0,0.0,0.0
1,1.0,0.3894120749974789,0.0,0.2222222222222222,0.3841140700187342,1.9210526315789473,1.0,0.0,1.0,0.0,1.0,0.0,0.0,0.0
0,1.0,0.3933799287880786,0.0,0.0,0.19764458417900724,1.9210526315789473,0.0,0.0,1.0,0.0,0.0,0.0,0.0,1.0
1,0.5,0.0900698931821179,0.0,0.2222222222222222,0.4156713746514863,1.9210526315789473,0.0,0.0,1.0,0.0,0.0,0.0,0.0,1.0
0,0.0,0.5911908215745747,0.0,0.0,0.41790614271476545,0.3421052631578947,0.0,0.0,0.0,1.0,0.0,0.0,0.0,1.0
1,0.0,0.3933799287880786,0.0,0.0,0.6909474954605656,1.9210526315789473,0.0,0.0,1.0,0.0,1.0,0.0,0.0,0.0
0,1.0,0.3894120749974789,0.0,0.0,0.29895175428815823,1.9210526315789473,1.0,0.0,0.0,1.0,0.0,0.0,0.0,1.0
1,0.0,0.287880785968614,0.0,0.2222222222222222,0.5404125237385783,0.35526315789473684,0.0,0.0,1.0,0.0,1.0,0.0,0.0,0.0
1,0.0,0.47250428590267707,0.0,0.2222222222222222,0.6113482917574413,0.2631578947368421,0.0,0.0,1.0,0.0,0.0,0.0,0.0,1.0
0,1.0,0.11644467888698405,0.5,0.2222222222222222,0.45011653430918863,1.9210526315789473,0.0,0.0,1.0,0.0,0.0,0.0,0.0,1.0
0,1.0,0.1428194645918502,0.5,0.2222222222222222,0.45011653430918863,1.9210526315789473,0.0,0.0,1.0,0.0,0.0,0.0,0.0,1.0
1,0.5,0.41975471449294477,0.125,0.0,0.41378947059385185,1.9210526315789473,0.0,0.0,0.0,1.0,0.0,0.0,0.0,1.0
0,0.0,0.6571277858367401,0.125,0.0,0.6909474954605656,1.0789473684210527,0.0,0.0,0.0,1.0,1.0,0.0,0.0,0.0
0,0.0,0.8417512857708032,0.0,0.0,0.41378947059385185,1.9210526315789473,0.0,0.0,0.0,1.0,0.0,0.0,0.0,1.0
1,0.5,0.24831860741131478,0.125,0.0,0.41378947059385185,1.9210526315789473,0.0,0.0,1.0,0.0,0.0,0.0,0.0,1.0
1,0.5,0.3894120749974789,0.0,0.0,0.29010977927333115,1.9210526315789473,1.0,0.0,0.0,1.0,1.0,0.0,0.0,0.0
0,1.0,0.43294210734537786,0.125,0.1111111111111111,0.3672892441326385,1.9210526315789473,0.0,0.0,0.0,1.0,0.0,0.0,0.0,1.0
1,0.5,0.10325728603455098,0.125,0.1111111111111111,0.48184115453855925,1.9210526315789473,0.0,0.0,0.0,1.0,0.0,0.0,0.0,1.0
1,0.0,0.22194382170644866,0.0,0.2222222222222222,0.6990178826054146,1.013157894736842,0.0,0.0,0.0,1.0,1.0,0.0,0.0,0.0
0,0.5,0.3538177502307794,0.0,0.0,0.41378947059385185,1.9210526315789473,0.0,0.0,0.0,1.0,0.0,0.0,0.0,1.0
0,1.0,0.3894120749974789,0.0,0.0,0.17775405128698832,1.9210526315789473,1.0,0.0,0.0,1.0,0.0,0.0,1.0,0.0
1,1.0,0.287880785968614,0.0,0.0,0.16195988003795933,1.9210526315789473,0.0,0.0,0.0,1.0,1.0,0.0,0.0,0.0
1,1.0,0.287880785968614,0.0,0.0,0.176387896287963,1.9210526315789473,0.0,0.0,1.0,0.0,0.0,0.0,0.0,1.0
0,0.0,0.815376500065937,0.0,0.0,0.41790614271476545,1.9210526315789473,0.0,0.0,0.0,1.0,0.0,0.0,0.0,1.0
1,0.0,0.630753000131874,0.125,0.0,0.4965296767555646,0.02631578947368421,0.0,0.0,1.0,0.0,1.0,0.0,0.0,0.0
0,0.0,0.3894120749974789,0.0,0.0,0.8403717002687507,1.9210526315789473,1.0,0.0,0.0,1.0,1.0,0.0,0.0,0.0
1,0.0,0.5120664644599763,0.125,0.1111111111111111,0.6339564595325519,1.763157894736842,0.0,0.0,1.0,0.0,0.0,0.0,0.0,1.0
1,1.0,0.47250428590267707,0.125,0.0,0.3348066509740498,1.9210526315789473,0.0,0.0,1.0,0.0,0.0,0.0,0.0,1.0
0,1.0,0.3894120749974789,0.0,0.0,0.17575453833860336,1.9210526315789473,1.0,0.0,0.0,1.0,0.0,0.0,1.0,0.0
0,1.0,0.5252538573124094,0.0,0.0,0.17941986572699406,1.9210526315789473,0.0,0.0,0.0,1.0,0.0,0.0,0.0,1.0
0,0.5,0.36700514308321247,0.0,0.0,0.2848988149873152,1.9210526315789473,0.0,0.0,0.0,1.0,0.0,0.0,0.0,1.0
0,1.0,0.3894120749974789,0.0,0.0,0.18322344130066578,1.9210526315789473,1.0,0.0,0.0,1.0,0.0,0.0,0.0,1.0
0,1.0,0.3894120749974789,0.0,0.0,0.18322344130066578,1.9210526315789473,1.0,0.0,1.0,0.0,0.0,0.0,0.0,1.0
0,1.0,0.31425557167348017,0.25,0.0,0.3992737581184521,1.9210526315789473,0.0,0.0,0.0,1.0,0.0,0.0,0.0,1.0
0,1.0,0.24831860741131478,0.0,0.0,0.17941986572699406,1.9210526315789473,0.0,0.0,0.0,1.0,0.0,0.0,0.0,1.0
0,1.0,0.38019253593564556,0.0,0.4444444444444444,0.3724896245725039,1.9210526315789473,0.0,0.0,1.0,0.0,0.0,0.0,0.0,1.0
0,1.0,0.3894120749974789,0.0,0.0,0.16207416673816763,1.9210526315789473,1.0,0.0,0.0,1.0,1.0,0.0,0.0,0.0
1,1.0,0.41975471449294477,0.0,0.0,0.17838101240466644,1.9210526315789473,0.0,0.0,0.0,1.0,0.0,0.0,0.0,1.0
1,0.5,0.815376500065937,0.0,0.0,0.23547595451959144,1.9210526315789473,0.0,0.0,0.0,1.0,0.0,0.0,0.0,1.0
1,0.0,0.6966899643940393,0.25,0.0,0.5481225140041035,0.631578947368421,0.0,0.0,1.0,0.0,0.0,0.0,0.0,1.0
1,0.0,0.47250428590267707,0.0,0.0,0.4166987967016401,1.5921052631578947,0.0,0.0,0.0,1.0,0.0,0.0,0.0,1.0
1,1.0,0.3894120749974789,0.0,0.0,0.17575453833860336,1.9210526315789473,1.0,0.0,1.0,0.0,0.0,0.0,1.0,0.0
0,1.0,0.20875642885401557,0.0,0.0,0.18322344130066578,1.9210526315789473,0.0,0.0,0.0,1.0,0.0,0.0,0.0,1.0
0,1.0,0.24831860741131478,0.0,0.0,0.29895175428815823,1.9210526315789473,0.0,0.0,0.0,1.0,0.0,0.0,0.0,1.0
1,0.5,0.44612950019781095,0.0,0.0,0.2774768974449705,1.9210526315789473,0.0,0.0,1.0,0.0,0.0,0.0,0.0,1.0
1,0.0,0.5120664644599763,0.125,0.0,0.5643244423158392,1.6842105263157894,0.0,0.0,1.0,0.0,0.0,0.0,0.0,1.0
0,1.0,0.3894120749974789,0.125,0.0,0.2983853797216546,1.9210526315789473,1.0,0.0,1.0,0.0,1.0,0.0,0.0,0.0
1,1.0,0.41975471449294477,0.0,0.0,0.18014579674700062,1.9210526315789473,0.0,0.0,0.0,1.0,0.0,0.0,0.0,1.0
1,0.5,0.32744296452591326,0.125,0.1111111111111111,0.4419313209302811,1.9210526315789473,0.0,0.0,1.0,0.0,0.0,0.0,0.0,1.0
1,0.0,0.5120664644599763,0.125,0.1111111111111111,0.6990178826054146,0.9868421052631579,0.0,0.0,1.0,0.0,1.0,0.0,0.0,0.0
0,0.5,0.7098773572464724,0.0,0.0,0.41378947059385185,1.9210526315789473,0.0,0.0,0.0,1.0,0.0,0.0,0.0,1.0
0,0.0,0.47250428590267707,0.0,0.0,0.49911974676855453,0.0,0.0,0.0,0.0,1.0,1.0,0.0,0.0,0.0
0,1.0,0.3894120749974789,0.0,0.0,0.19877642887624516,1.9210526315789473,1.0,0.0,0.0,1.0,1.0,0.0,0.0,0.0
1,0.0,0.23513121455888172,0.0,0.2222222222222222,0.6339564595325519,1.776315789473684,0.0,0.0,1.0,0.0,0.0,0.0,0.0,1.0
0,0.5,0.6175656072794409,0.0,0.0,0.30561874778139986,1.9210526315789473,0.0,0.0,0.0,1.0,0.0,0.0,0.0,1.0
1,0.0,0.7890017143610708,0.125,0.1111111111111111,0.6328422499044459,0.381578947368421,0.0,0.0,0.0,1.0,1.0,0.0,0.0,0.0
0,1.0,0.287880785968614,0.0,0.0,0.18322344130066578,1.9210526315789473,0.0,0.0,0.0,1.0,0.0,0.0,0.0,1.0
0,1.0,0.3894120749974789,0.0,0.0,0.18322344130066578,1.9210526315789473,1.0,0.0,0.0,1.0,0.0,0.0,0.0,1.0
0,1.0,0.459316893050244,0.0,0.0,0.15921896496140395,1.9210526315789473,0.0,0.0,0.0,1.0,0.0,0.0,0.0,1.0
1,0.0,0.6835025715416063,0.125,0.0,0.6305110577341266,1.263157894736842,0.0,0.0,1.0,0.0,1.0,0.0,0.0,0.0
0,1.0,0.6175656072794409,0.0,0.0,0.16263918113927697,1.9210526315789473,0.0,0.0,0.0,1.0,0.0,0.0,0.0,1.0
0,1.0,0.3894120749974789,0.0,0.2222222222222222,0.17575453833860336,1.9210526315789473,1.0,0.0,1.0,0.0,0.0,0.0,1.0,0.0
0,0.5,0.48569167875511016,0.125,0.0,0.41378947059385185,1.9210526315789473,0.0,0.0,0.0,1.0,0.0,0.0,0.0,1.0
0,1.0,0.47250428590267707,0.125,0.1111111111111111,0.3992737581184521,1.9210526315789473,0.0,0.0,0.0,1.0,0.0,0.0,0.0,1.0
1,0.5,0.3894120749974789,0.0,0.0,0.4606747800696731,1.9210526315789473,1.0,0.0,1.0,0.0,0.0,0.0,0.0,1.0
0,1.0,0.643940392984307,0.0,0.0,0.45921320232475304,1.9210526315789473,0.0,1.0,0.0,1.0,0.0,0.0,0.0,1.0
0,1.0,0.3894120749974789,0.0,0.0,0.16195988003795933,1.9210526315789473,1.0,0.0,0.0,1.0,1.0,0.0,0.0,0.0
1,0.0,0.643940392984307,0.125,0.0,0.5679122632956122,0.05263157894736842,0.0,0.0,0.0,1.0,1.0,0.0,0.0,0.0
1,0.5,0.31425557167348017,0.25,0.1111111111111111,0.4212113881361965,1.9210526315789473,0.0,0.0,1.0,0.0,0.0,0.0,0.0,1.0
0,1.0,0.3894120749974789,0.0,0.0,0.17941986572699406,1.9210526315789473,1.0,0.0,0.0,1.0,0.0,0.0,0.0,1.0
0,0.0,0.3894120749974789,0.0,0.0,0.5099651666534432,1.9210526315789473,1.0,0.0,0.0,1.0,0.0,0.0,0.0,1.0
0,1.0,0.5780034287221416,0.0,0.0,0.18322344130066578,1.9210526315789473,0.0,0.0,0.0,1.0,0.0,0.0,0.0,1.0
1,0.0,0.459316893050244,0.0,0.0,0.41790614271476545,1.9210526315789473,0.0,0.0,0.0,1.0,1.0,0.0,0.0,0.0
0,1.0,0.47250428590267707,0.125,0.0,0.31270046943684426,1.9210526315789473,0.0,0.0,0.0,1.0,0.0,0.0,0.0,1.0
0,1.0,0.3933799287880786,0.0,0.0,0.17941986572699406,1.9210526315789473,0.0,0.0,0.0,1.0,0.0,0.0,0.0,1.0
1,0.0,0.3538177502307794,0.0,0.0,0.44518193168729836,1.9210526315789473,0.0,0.0,0.0,1.0,0.0,0.0,0.0,1.0
1,0.5,0.287880785968614,0.125,0.2222222222222222,0.5061208434326919,1.9210526315789473,0.0,0.0,1.0,0.0,1.0,0.0,0.0,0.0
1,0.0,0.5252538573124094,0.0,0.0,0.7629272232803619,0.75,0.0,0.0,1.0,0.0,0.0,0.0,0.0,1.0
0,1.0,0.5120664644599763,0.125,0.5555555555555556,0.45011653430918863,1.9210526315789473,0.0,0.0,1.0,0.0,0.0,0.0,0.0,1.0
0,1.0,0.3894120749974789,0.0,0.0,0.1571379140783534,1.9210526315789473,1.0,0.0,0.0,1.0,0.0,0.0,0.0,1.0
1,1.0,0.3894120749974789,0.125,0.0,0.31206711148748467,1.9210526315789473,1.0,0.0,1.0,0.0,0.0,0.0,1.0,0.0
0,1.0,0.3894120749974789,0.0,0.0,0.17575453833860336,1.9210526315789473,1.0,0.0,0.0,1.0,0.0,0.0,1.0,0.0
0,1.0,0.459316893050244,0.0,0.0,0.18322344130066578,1.9210526315789473,0.0,0.0,0.0,1.0,0.0,0.0,0.0,1.0
1,0.5,0.31425557167348017,0.125,0.2222222222222222,0.5939848907257467,1.9210526315789473,0.0,0.0,1.0,0.0,0.0,0.0,0.0,1.0
0,1.0,0.44612950019781095,0.125,0.1111111111111111,0.29759079748427775,1.9210526315789473,0.0,0.0,0.0,1.0,0.0,0.0,0.0,1.0
0,1.0,0.34063035737834635,0.125,0.0,0.31953601444954693,1.9210526315789473,0.0,0.0,1.0,0.0,0.0,0.0,0.0,1.0
1,0.5,0.05050771462481868,0.25,0.1111111111111111,0.4935272142627569,1.894736842105263,0.0,0.0,1.0,0.0,0.0,0.0,0.0,1.0
0,0.5,0.34063035737834635,0.0,0.0,0.23547595451959144,1.9210526315789473,0.0,0.0,0.0,1.0,0.0,0.0,0.0,1.0
0,1.0,0.3538177502307794,0.125,0.0,0.29832960483910165,1.9210526315789473,0.0,0.0,0.0,1.0,1.0,0.0,0.0,0.0
1,0.0,0.5516286430172755,0.125,0.0,0.5521868685022183,1.25,0.0,0.0,0.0,1.0,0.0,0.0,0.0,1.0
1,1.0,0.2615060002637479,0.125,0.1111111111111111,0.31511003550492445,1.9210526315789473,0.0,0.0,0.0,1.0,1.0,0.0,0.0,0.0
0,1.0,0.27469339311618096,0.0,0.0,0.17838101240466644,1.9210526315789473,0.0,0.0,0.0,1.0,0.0,0.0,0.0,1.0
0,1.0,0.27469339311618096,0.0,0.0,0.31953601444954693,1.9210526315789473,0.0,0.0,0.0,1.0,0.0,0.0,0.0,1.0
0,0.0,0.8021891072135039,0.0,0.0,0.45658497805025056,1.4473684210526314,0.0,0.0,0.0,1.0,0.0,0.0,0.0,1.0
0,0.5,0.7494395358037717,0.0,0.0,0.26738968777385597,1.9210526315789473,0.0,0.0,0.0,1.0,0.0,0.0,1.0,0.0
1,0.0,0.27469339311618096,0.0,0.0,0.6297346231872049,1.5,0.0,0.0,1.0,0.0,0.0,0.0,0.0,1.0
0,1.0,0.34063035737834635,0.0,0.0,0.17941986572699406,1.9210526315789473,0.0,0.0,0.0,1.0,0.0,0.0,0.0,1.0
0,1.0,0.3894120749974789,0.0,0.0,0.17533031597288987,1.9210526315789473,1.0,0.0,0.0,1.0,0.0,0.0,1.0,0.0
1,0.0,1.0527495714097324,0.0,0.0,0.4419313209302811,0.06578947368421052,0.0,0.0,0.0,1.0,0.0,0.0,0.0,1.0
0,1.0,0.6703151786891732,0.0,0.0,0.15725503683784967,1.9210526315789473,0.0,0.0,0.0,1.0,0.0,0.0,0.0,1.0
1,0.0,0.41975471449294477,0.0,0.0,0.44518193168729836,0.43421052631578944,0.0,0.0,0.0,1.0,1.0,0.0,0.0,0.0
0,0.0,0.3894120749974789,0.0,0.0,0.45921320232475304,1.9210526315789473,1.0,1.0,0.0,1.0,0.0,0.0,0.0,1.0
0,1.0,0.11644467888698405,0.375,0.2222222222222222,0.42765975184228133,1.9210526315789473,0.0,0.0,1.0,0.0,0.0,0.0,0.0,1.0
1,0.5,0.36700514308321247,0.0,0.0,0.2774768974449705,1.9210526315789473,0.0,0.0,1.0,0.0,0.0,0.0,0.0,1.0
0,1.0,0.41975471449294477,0.0,0.0,0.18014579674700062,1.9210526315789473,0.0,0.0,0.0,1.0,0.0,0.0,0.0,1.0
0,0.5,0.4065673216405117,0.125,0.1111111111111111,0.4156713746514863,1.9210526315789473,0.0,0.0,0.0,1.0,0.0,0.0,0.0,1.0
0,1.0,0.5384412501648425,0.0,0.5555555555555556,0.4969637309481857,1.9210526315789473,0.0,0.0,1.0,0.0,0.0,0.0,0.0,1.0
0,1.0,0.3894120749974789,0.125,0.0,0.31953601444954693,1.9210526315789473,1.0,0.0,0.0,1.0,0.0,0.0,0.0,1.0
0,1.0,0.2615060002637479,0.0,0.0,0.17838101240466644,1.9210526315789473,0.0,0.0,0.0,1.0,0.0,0.0,0.0,1.0
1,0.0,0.31425557167348017,0.0,0.0,0.6065823036256511,0.3157894736842105,0.0,0.0,1.0,0.0,1.0,0.0,0.0,0.0
0,1.0,0.024132928919952525,0.375,0.2222222222222222,0.42765975184228133,1.9210526315789473,0.0,0.0,1.0,0.0,0.0,0.0,0.0,1.0
1,1.0,0.3894120749974789,0.0,0.0,0.5664093889076323,1.9210526315789473,1.0,0.0,0.0,1.0,0.0,0.0,0.0,1.0
1,1.0,0.007648687854411184,0.25,0.1111111111111111,0.3547618644201689,1.9210526315789473,0.0,0.0,1.0,0.0,1.0,0.0,0.0,0.0
1,0.0,0.630753000131874,0.125,0.0,0.6266093960374092,1.3289473684210527,0.0,0.0,0.0,1.0,1.0,0.0,0.0,0.0
0,1.0,0.24831860741131478,0.0,0.0,0.17941986572699406,1.9210526315789473,0.0,0.0,0.0,1.0,0.0,0.0,0.0,1.0
1,0.0,0.7362521429513386,0.0,0.0,0.47503571860856,0.09210526315789473,0.0,0.0,0.0,1.0,1.0,0.0,0.0,0.0
0,1.0,0.3894120749974789,0.0,0.0,0.17061287361475738,1.9210526315789473,1.0,0.0,0.0,1.0,0.0,0.0,0.0,1.0
1,1.0,0.3010681788210471,0.0,0.0,0.17061287361475738,1.9210526315789473,0.0,0.0,1.0,0.0,0.0,0.0,0.0,1.0
0,1.0,0.3894120749974789,0.0,0.0,0.17941986572699406,1.9210526315789473,1.0,0.0,0.0,1.0,0.0,0.0,0.0,1.0
1,0.5,0.23513121455888172,0.0,0.1111111111111111,0.3896788077113553,1.9210526315789473,0.0,0.0,1.0,0.0,0.0,0.0,0.0,1.0
0,1.0,0.27469339311618096,0.0,0.0,0.19237117272915868,1.9210526315789473,0.0,0.0,0.0,1.0,0.0,0.0,0.0,1.0
1,1.0,0.3894120749974789,0.0,0.0,0.17775405128698832,1.9210526315789473,1.0,0.0,1.0,0.0,0.0,0.0,1.0,0.0
0,1.0,0.23513121455888172,0.0,0.0,0.1485862418384339,1.9210526315789473,0.0,0.0,1.0,0.0,0.0,0.0,1.0,0.0
0,0.5,0.31425557167348017,0.25,0.0,0.6181537276874405,1.9210526315789473,0.0,0.0,0.0,1.0,0.0,0.0,0.0,1.0
0,1.0,0.3894120749974789,0.0,0.0,0.17941986572699406,1.9210526315789473,1.0,0.0,0.0,1.0,0.0,0.0,0.0,1.0
0,1.0,0.41975471449294477,0.125,0.1111111111111111,0.31206711148748467,1.9210526315789473,0.0,0.0,1.0,0.0,0.0,0.0,1.0,0.0
0,0.5,0.3010681788210471,0.0,0.0,0.2774768974449705,1.9210526315789473,0.0,0.0,0.0,1.0,0.0,0.0,0.0,1.0
0,0.0,0.7626269286562047,0.0,0.2222222222222222,0.7032145911681464,1.4210526315789473,0.0,0.0,0.0,1.0,1.0,0.0,0.0,0.0
1,0.0,0.6571277858367401,0.25,0.0,0.7357429077622799,1.9210526315789473,0.0,0.0,0.0,1.0,0.0,0.0,0.0,1.0
0,1.0,0.5252538573124094,0.0,0.0,0.16195988003795933,1.9210526315789473,0.0,0.0,0.0,1.0,1.0,0.0,0.0,0.0
0,0.0,0.6175656072794409,0.0,0.0,0.41064440883631714,1.7368421052631577,0.0,0.0,0.0,1.0,0.0,0.0,0.0,1.0
0,1.0,0.47250428590267707,0.0,0.0,0.1691960156000659,1.9210526315789473,0.0,0.0,0.0,1.0,0.0,0.0,0.0,1.0
1,1.0,0.2615060002637479,0.125,0.0,0.18014579674700062,1.9210526315789473,0.0,0.0,0.0,1.0,0.0,0.0,0.0,1.0
0,0.5,0.41975471449294477,0.25,0.0,0.6181537276874405,1.9210526315789473,0.0,0.0,0.0,1.0,0.0,0.0,0.0,1.0
0,0.5,0.32744296452591326,0.0,0.0,0.2774768974449705,1.9210526315789473,0.0,0.0,0.0,1.0,0.0,0.0,0.0,1.0
0,1.0,0.3894120749974789,0.0,0.0,0.176387896287963,1.9210526315789473,1.0,0.0,0.0,1.0,0.0,0.0,0.0,1.0
0,1.0,0.5648160358697086,0.0,0.0,0.18322344130066578,1.9210526315789473,0.0,0.0,0.0,1.0,0.0,0.0,0.0,1.0
1,0.0,0.3894120749974789,0.125,0.0,0.5501020437427332,0.763157894736842,1.0,0.0,1.0,0.0,0.0,0.0,0.0,1.0
1,0.5,0.5252538573124094,0.125,0.1111111111111111,0.4935272142627569,1.9210526315789473,0.0,0.0,1.0,0.0,0.0,0.0,0.0,1.0
0,0.0,0.4065673216405117,0.125,0.0,0.5501020437427332,0.5,0.0,0.0,0.0,1.0,0.0,0.0,0.0,1.0
0,0.5,0.9208756428854016,0.0,0.0,0.23547595451959144,1.9210526315789473,0.0,0.0,0.0,1.0,0.0,0.0,0.0,1.0
1,0.5,0.4065673216405117,0.0,0.0,0.2774768974449705,1.9210526315789473,0.0,0.0,0.0,1.0,0.0,0.0,0.0,1.0
0,0.5,0.3894120749974789,0.0,0.0,0.45921320232475304,1.9210526315789473,1.0,1.0,0.0,1.0,0.0,0.0,0.0,1.0
0,1.0,0.23513121455888172,0.0,0.0,0.176387896287963,1.9210526315789473,0.0,0.0,0.0,1.0,0.0,0.0,0.0,1.0
0,1.0,0.3208492680996967,0.0,0.0,0.18322344130066578,1.9210526315789473,0.0,0.0,0.0,1.0,0.0,0.0,0.0,1.0
1,1.0,0.23513121455888172,0.0,0.0,0.22274301305834746,1.9210526315789473,0.0,0.0,1.0,0.0,0.0,0.0,0.0,1.0
0,1.0,0.5648160358697086,0.125,0.6666666666666666,0.5298018709229422,1.9210526315789473,0.0,0.0,1.0,0.0,0.0,0.0,0.0,1.0
1,0.0,0.47250428590267707,0.0,0.1111111111111111,1.0,0.4473684210526315,0.0,0.0,0.0,1.0,1.0,0.0,0.0,0.0
0,1.0,0.3894120749974789,0.0,0.0,0.18534948874570015,1.9210526315789473,1.0,0.0,1.0,0.0,0.0,0.0,1.0,0.0
1,0.0,0.3538177502307794,0.0,0.0,0.6266093960374092,1.4342105263157894,0.0,0.0,0.0,1.0,1.0,0.0,0.0,0.0
0,1.0,0.2615060002637479,0.0,0.0,0.2100170581194282,1.9210526315789473,0.0,0.0,0.0,1.0,0.0,0.0,0.0,1.0
0,1.0,0.18238164314914942,0.625,0.2222222222222222,0.5298018709229422,1.9210526315789473,0.0,0.0,0.0,1.0,0.0,0.0,0.0,1.0
0,0.5,0.7890017143610708,0.125,0.1111111111111111,0.4935272142627569,1.9210526315789473,0.0,0.0,0.0,1.0,0.0,0.0,0.0,1.0
0,0.5,0.32744296452591326,0.125,0.2222222222222222,0.5061208434326919,1.9210526315789473,0.0,0.0,0.0,1.0,1.0,0.0,0.0,0.0
0,1.0,0.18238164314914942,0.5,0.1111111111111111,0.4969637309481857,1.9210526315789473,0.0,0.0,0.0,1.0,0.0,0.0,0.0,1.0
0,1.0,0.24831860741131478,0.0,0.0,0.22921155116778594,1.9210526315789473,0.0,0.0,0.0,1.0,0.0,0.0,0.0,1.0
0,1.0,0.23513121455888172,0.0,0.0,0.17691329997660796,1.9210526315789473,0.0,0.0,0.0,1.0,0.0,0.0,0.0,1.0
1,0.0,0.19556903600158249,0.0,0.1111111111111111,0.825857643083407,0.42105263157894735,0.0,0.0,1.0,0.0,0.0,0.0,0.0,1.0
1,0.0,0.4065673216405117,0.125,0.0,0.5681566844080479,0.25,0.0,0.0,0.0,1.0,0.0,0.0,0.0,1.0
1,1.0,0.05050771462481868,0.0,0.1111111111111111,0.2836816063530443,1.9210526315789473,0.0,0.0,1.0,0.0,1.0,0.0,0.0,0.0
1,1.0,0.3894120749974789,0.0,0.0,0.5664093889076323,1.9210526315789473,1.0,0.0,0.0,1.0,0.0,0.0,0.0,1.0
0,1.0,0.32744296452591326,0.0,0.0,0.16195988003795933,1.9210526315789473,0.0,0.0,0.0,1.0,1.0,0.0,0.0,0.0
0,0.0,0.7890017143610708,0.0,0.0,0.41790614271476545,1.9210526315789473,0.0,0.0,0.0,1.0,0.0,0.0,0.0,1.0
0,0.5,0.6835025715416063,0.0,0.0,0.2848988149873152,1.9210526315789473,0.0,0.0,0.0,1.0,0.0,0.0,0.0,1.0
0,1.0,0.5780034287221416,0.0,0.0,0.18322344130066578,1.9210526315789473,0.0,0.0,0.0,1.0,0.0,0.0,0.0,1.0
1,1.0,0.3894120749974789,0.0,0.0,0.17533031597288987,1.9210526315789473,1.0,0.0,1.0,0.0,0.0,0.0,1.0,0.0
0,0.0,0.643940392984307,0.125,0.1111111111111111,0.6990178826054146,0.9868421052631579,0.0,0.0,0.0,1.0,1.0,0.0,0.0,0.0
0,1.0,0.5516286430172755,0.0,0.0,0.17320050928114236,1.8289473684210524,0.0,0.0,0.0,1.0,0.0,0.0,0.0,1.0
1,0.0,0.23513121455888172,0.125,0.0,0.8403717002687507,0.9605263157894737,0.0,0.0,1.0,0.0,1.0,0.0,0.0,0.0
1,0.0,0.459316893050244,0.0,0.0,0.4159521134190669,1.5789473684210527,0.0,0.0,0.0,1.0,0.0,0.0,0.0,1.0
0,1.0,0.23513121455888172,0.0,0.1111111111111111,0.29832960483910165,1.9210526315789473,0.0,0.0,1.0,0.0,1.0,0.0,0.0,0.0
0,1.0,0.32744296452591326,0.0,0.0,0.1755438116676106,1.9210526315789473,0.0,0.0,0.0,1.0,0.0,0.0,1.0,0.0
0,1.0,0.34063035737834635,0.125,0.0,0.17838101240466644,1.9210526315789473,0.0,0.0,0.0,1.0,0.0,0.0,0.0,1.0
0,0.5,0.5120664644599763,0.0,0.0,0.41378947059385185,1.9210526315789473,0.0,0.0,0.0,1.0,0.0,0.0,0.0,1.0
1,0.5,0.5911908215745747,0.0,0.0,0.2848988149873152,1.9210526315789473,0.0,0.0,1.0,0.0,0.0,0.0,0.0,1.0
1,0.0,0.5516286430172755,0.0,0.0,0.4159521134190669,1.5789473684210527,0.0,0.0,0.0,1.0,0.0,0.0,0.0,1.0
1,0.0,0.287880785968614,0.0,0.0,0.7604610138838145,1.9210526315789473,0.0,0.0,1.0,0.0,0.0,0.0,0.0,1.0
1,1.0,0.3894120749974789,0.125,0.1111111111111111,0.3088151896762753,1.9210526315789473,1.0,0.0,0.0,1.0,1.0,0.0,0.0,0.0
1,0.0,0.31425557167348017,0.0,0.0,0.5404292091193665,1.1052631578947367,0.0,0.0,1.0,0.0,1.0,0.0,0.0,0.0
0,0.0,0.3894120749974789,0.0,0.0,0.41790614271476545,0.7368421052631579,1.0,0.0,0.0,1.0,0.0,0.0,0.0,1.0
1,0.0,0.630753000131874,0.125,0.0,0.5501020437427332,0.763157894736842,0.0,0.0,0.0,1.0,0.0,0.0,0.0,1.0
0,1.0,0.38019253593564556,0.0,0.0,0.21544778709268878,1.9210526315789473,0.0,0.0,0.0,1.0,0.0,0.0,0.0,1.0
0,0.5,0.6835025715416063,0.0,0.0,0.2774768974449705,1.9210526315789473,0.0,0.0,0.0,1.0,0.0,0.0,0.0,1.0
0,1.0,0.24831860741131478,0.0,0.0,0.17320050928114236,1.8421052631578947,0.0,0.0,0.0,1.0,0.0,0.0,0.0,1.0
1,0.0,0.4988790716075432,0.0,0.0,0.8403717002687507,0.8684210526315789,0.0,0.0,1.0,0.0,1.0,0.0,0.0,0.0
1,0.5,0.3538177502307794,0.0,0.0,0.23547595451959144,1.526315789473684,0.0,0.0,1.0,0.0,0.0,0.0,0.0,1.0
0,1.0,0.3894120749974789,0.0,0.0,0.31206711148748467,1.9210526315789473,1.0,0.0,0.0,1.0,0.0,0.0,1.0,0.0
0,1.0,0.43294210734537786,0.0,0.0,0.176387896287963,1.9210526315789473,0.0,0.0,0.0,1.0,0.0,0.0,0.0,1.0
1,0.5,0.07688250032968483,0.0,0.1111111111111111,0.4606747800696731,1.9210526315789473,0.0,0.0,1.0,0.0,0.0,0.0,0.0,1.0
0,1.0,0.22194382170644866,0.125,0.0,0.15725503683784967,1.9210526315789473,0.0,0.0,0.0,1.0,0.0,0.0,0.0,1.0
0,0.5,0.44612950019781095,0.0,0.0,0.2774768974449705,1.9210526315789473,0.0,0.0,0.0,1.0,0.0,0.0,0.0,1.0
0,0.5,0.6571277858367401,0.0,0.0,0.2774768974449705,1.9210526315789473,0.0,0.0,0.0,1.0,0.0,0.0,0.0,1.0
1,0.0,0.3538177502307794,0.125,0.0,0.5542187158636468,1.8026315789473684,0.0,0.0,0.0,1.0,0.0,0.0,0.0,1.0
0,1.0,0.2615060002637479,0.0,0.0,0.19764458417900724,1.9210526315789473,0.0,0.0,0.0,1.0,0.0,0.0,0.0,1.0
1,0.5,0.3933799287880786,0.375,0.0,0.3717885276684728,1.9210526315789473,0.0,0.0,1.0,0.0,0.0,0.0,0.0,1.0
1,1.0,0.3894120749974789,0.0,0.0,0.1754370927922038,1.9210526315789473,1.0,0.0,1.0,0.0,0.0,0.0,1.0,0.0
0,0.5,0.32744296452591326,0.125,0.0,0.41378947059385185,1.9210526315789473,0.0,0.0,0.0,1.0,0.0,0.0,0.0,1.0
0,1.0,0.32744296452591326,0.125,0.0,0.18014579674700062,1.9210526315789473,0.0,0.0,1.0,0.0,0.0,0.0,0.0,1.0
1,0.0,0.38019253593564556,0.0,0.0,0.825857643083407,0.42105263157894735,0.0,0.0,1.0,0.0,0.0,0.0,0.0,1.0
0,1.0,0.1428194645918502,0.0,0.0,0.34989451691968676,1.9210526315789473,0.0,0.0,0.0,1.0,1.0,0.0,0.0,0.0
0,0.5,0.3894120749974789,0.0,0.0,0.45921320232475304,1.9210526315789473,1.0,1.0,0.0,1.0,0.0,0.0,0.0,1.0
0,0.5,0.3010681788210471,0.0,0.0,0.2774768974449705,1.9210526315789473,0.0,0.0,0.0,1.0,0.0,0.0,0.0,1.0
0,0.5,0.3010681788210471,0.0,0.0,0.2774768974449705,1.9210526315789473,0.0,0.0,0.0,1.0,0.0,0.0,0.0,1.0
0,1.0,0.373598839509429,0.0,0.0,0.31953601444954693,1.9210526315789473,0.0,0.0,0.0,1.0,0.0,0.0,0.0,1.0
0,1.0,0.630753000131874,0.125,0.3333333333333333,0.4687027303667951,1.9210526315789473,0.0,0.0,1.0,0.0,0.0,0.0,0.0,1.0
1,0.0,0.459316893050244,0.0,0.0,1.0,0.19736842105263158,0.0,0.0,0.0,1.0,1.0,0.0,0.0,0.0
0,1.0,0.3894120749974789,0.0,0.0,0.17941986572699406,1.9210526315789473,1.0,0.0,0.0,1.0,0.0,0.0,0.0,1.0
0,1.0,0.3894120749974789,0.0,0.0,0.17941986572699406,1.9210526315789473,1.0,0.0,0.0,1.0,0.0,0.0,0.0,1.0
1,0.0,0.3894120749974789,0.0,0.0,0.4419313209302811,1.381578947368421,1.0,0.0,0.0,1.0,0.0,0.0,0.0,1.0
0,0.0,0.47250428590267707,0.125,0.0,0.631971256824203,0.881578947368421,0.0,0.0,0.0,1.0,0.0,0.0,0.0,1.0
1,0.0,0.27469339311618096,0.25,0.2222222222222222,0.8683982723614436,0.4605263157894737,0.0,0.0,1.0,0.0,1.0,0.0,0.0,0.0
0,1.0,0.31425557167348017,0.125,0.0,0.31953601444954693,1.9210526315789473,0.0,0.0,0.0,1.0,0.0,0.0,0.0,1.0
1,1.0,0.4065673216405117,0.0,0.0,0.18014579674700062,1.9210526315789473,0.0,0.0,0.0,1.0,0.0,0.0,0.0,1.0
0,0.0,0.9208756428854016,0.125,0.1111111111111111,0.6113482917574413,0.2631578947368421,0.0,0.0,0.0,1.0,0.0,0.0,0.0,1.0
0,1.0,0.20875642885401557,0.125,0.1111111111111111,0.36463655865622036,1.9210526315789473,0.0,0.0,0.0,1.0,0.0,0.0,0.0,1.0
1,0.5,0.3933799287880786,0.0,0.0,0.2774768974449705,1.9210526315789473,0.0,0.0,1.0,0.0,0.0,0.0,0.0,1.0
0,0.0,0.24831860741131478,0.125,0.0,0.5542187158636468,1.3157894736842104,0.0,0.0,0.0,1.0,0.0,0.0,0.0,1.0
0,1.0,0.4065673216405117,0.0,0.0,0.17575453833860336,1.9210526315789473,0.0,0.0,0.0,1.0,0.0,0.0,1.0,0.0
1,0.5,0.05050771462481868,0.125,0.1111111111111111,0.3896788077113553,1.9210526315789473,0.0,0.0,1.0,0.0,0.0,0.0,0.0,1.0
1,1.0,0.07688250032968483,0.0,0.1111111111111111,0.26937014230876855,1.5526315789473684,0.0,0.0,0.0,1.0,0.0,0.0,0.0,1.0
0,1.0,0.43294210734537786,0.0,0.0,0.21579379444138017,1.9210526315789473,0.0,0.0,0.0,1.0,0.0,0.0,0.0,1.0
0,1.0,0.3010681788210471,0.0,0.0,0.17941986572699406,1.9210526315789473,0.0,0.0,0.0,1.0,0.0,0.0,0.0,1.0
1,0.5,0.630753000131874,0.125,0.2222222222222222,0.5939848907257467,1.9210526315789473,0.0,0.0,1.0,0.0,0.0,0.0,0.0,1.0
1,0.5,0.006593696426216539,0.125,0.1111111111111111,0.29895175428815823,1.9210526315789473,0.0,0.0,0.0,1.0,0.0,0.0,0.0,1.0
0,1.0,0.36700514308321247,0.0,0.0,0.17691329997660796,1.9210526315789473,0.0,0.0,0.0,1.0,0.0,0.0,0.0,1.0
0,0.5,0.23513121455888172,0.0,0.0,0.2533662345624741,1.9210526315789473,0.0,0.0,0.0,1.0,0.0,0.0,0.0,1.0
0,1.0,0.44612950019781095,0.0,0.0,0.18322344130066578,1.9210526315789473,0.0,0.0,0.0,1.0,0.0,0.0,0.0,1.0
1,0.0,0.43294210734537786,0.0,0.0,0.6501811686484248,0.5263157894736842,0.0,0.0,1.0,0.0,0.0,0.0,0.0,1.0
0,1.0,0.3894120749974789,0.0,0.0,0.29895175428815823,1.9210526315789473,1.0,0.0,0.0,1.0,0.0,0.0,0.0,1.0
0,1.0,0.5384412501648425,0.0,0.0,0.15921896496140395,1.9210526315789473,0.0,0.0,0.0,1.0,0.0,0.0,0.0,1.0
1,1.0,0.2615060002637479,0.0,0.0,0.16207416673816763,1.9210526315789473,0.0,0.0,0.0,1.0,1.0,0.0,0.0,0.0
1,0.0,0.47250428590267707,0.125,0.2222222222222222,0.7145564672280437,0.6184210526315789,0.0,0.0,1.0,0.0,0.0,0.0,0.0,1.0
0,1.0,0.20875642885401557,0.0,0.0,0.176387896287963,1.9210526315789473,0.0,0.0,0.0,1.0,0.0,0.0,0.0,1.0
1,0.0,0.6703151786891732,0.125,0.0,0.6297346231872049,1.2105263157894737,0.0,0.0,1.0,0.0,0.0,0.0,0.0,1.0
0,0.0,0.3894120749974789,0.0,0.0,0.4965296767555646,1.9210526315789473,1.0,0.0,0.0,1.0,1.0,0.0,0.0,0.0
0,1.0,0.39997362521429514,0.0,0.0,0.17575453833860336,1.9210526315789473,0.0,0.0,1.0,0.0,0.0,0.0,1.0,0.0
0,1.0,0.3894120749974789,0.125,0.0,0.3992737581184521,1.9210526315789473,1.0,0.0,0.0,1.0,0.0,0.0,1.0,0.0
0,1.0,0.41975471449294477,0.0,0.0,0.19071320685930962,1.9210526315789473,0.0,0.0,0.0,1.0,0.0,0.0,0.0,1.0
0,1.0,0.31425557167348017,0.0,0.0,0.21579379444138017,1.9210526315789473,0.0,0.0,0.0,1.0,0.0,0.0,0.0,1.0
0,1.0,0.630753000131874,0.0,0.0,0.17838101240466644,1.9210526315789473,0.0,0.0,0.0,1.0,0.0,0.0,0.0,1.0
0,0.5,0.7494395358037717,0.0,0.0,0.23547595451959144,1.789473684210526,0.0,0.0,1.0,0.0,0.0,0.0,0.0,1.0
0,1.0,0.3894120749974789,0.0,0.0,0.16195988003795933,1.9210526315789473,1.0,0.0,0.0,1.0,1.0,0.0,0.0,0.0
1,0.5,0.7098773572464724,0.125,0.3333333333333333,0.3896788077113553,1.9210526315789473,0.0,0.0,1.0,0.0,0.0,0.0,0.0,1.0
0,1.0,0.23513121455888172,0.0,0.0,0.17575453833860336,1.9210526315789473,0.0,0.0,0.0,1.0,0.0,0.0,0.0,1.0
0,1.0,0.3894120749974789,0.0,0.0,0.17575453833860336,1.881578947368421,1.0,0.0,0.0,1.0,0.0,0.0,1.0,0.0
1,1.0,0.06369510747725175,0.0,0.0,0.26937014230876855,1.9210526315789473,0.0,0.0,1.0,0.0,0.0,0.0,0.0,1.0
0,1.0,0.3894120749974789,0.0,0.0,0.1754370927922038,1.9210526315789473,1.0,0.0,0.0,1.0,0.0,0.0,1.0,0.0
1,0.0,0.5648160358697086,0.0,0.1111111111111111,0.825857643083407,0.2894736842105263,0.0,0.0,1.0,0.0,0.0,0.0,0.0,1.0
1,1.0,0.16919425029671636,0.0,0.0,0.16207416673816763,1.9210526315789473,0.0,0.0,1.0,0.0,1.0,0.0,0.0,0.0
1,0.0,0.22194382170644866,0.125,0.0,0.5681566844080479,0.25,0.0,0.0,1.0,0.0,0.0,0.0,0.0,1.0
0,0.0,0.38019253593564556,0.0,0.0,0.4419313209302811,1.4736842105263157,0.0,0.0,0.0,1.0,0.0,0.0,0.0,1.0
0,1.0,0.3894120749974789,0.125,0.2222222222222222,0.39348929777406083,1.9210526315789473,1.0,0.0,0.0,1.0,0.0,0.0,0.0,1.0
0,1.0,0.32744296452591326,0.0,0.0,0.1571379140783534,1.9210526315789473,0.0,0.0,0.0,1.0,0.0,0.0,0.0,1.0
0,1.0,0.32744296452591326,0.0,0.0,0.16263918113927697,1.9210526315789473,0.0,0.0,0.0,1.0,0.0,0.0,0.0,1.0
1,1.0,0.23513121455888172,0.0,0.0,0.1691960156000659,1.9210526315789473,0.0,0.0,1.0,0.0,0.0,0.0,0.0,1.0
0,1.0,0.10325728603455098,0.5,0.1111111111111111,0.43611016733579877,1.9210526315789473,0.0,0.0,0.0,1.0,0.0,0.0,1.0,0.0
1,1.0,0.010945536067519452,0.125,0.2222222222222222,0.36776772970516725,1.9210526315789473,0.0,0.0,0.0,1.0,0.0,0.0,0.0,1.0
0,0.0,0.6043782144270078,0.0,0.0,0.6328422499044459,0.5789473684210527,0.0,0.0,0.0,1.0,1.0,0.0,0.0,0.0
0,1.0,0.3894120749974789,0.0,0.0,0.17575453833860336,1.9210526315789473,1.0,0.0,0.0,1.0,0.0,0.0,1.0,0.0
0,0.5,0.20875642885401557,0.0,0.0,0.41378947059385185,1.9210526315789473,0.0,0.0,0.0,1.0,0.0,0.0,0.0,1.0
0,1.0,0.3894120749974789,1.0,0.2222222222222222,0.6072904695810064,1.9210526315789473,1.0,0.0,1.0,0.0,0.0,0.0,0.0,1.0
0,0.0,0.3894120749974789,0.0,0.0,0.4464403731054378,1.9210526315789473,1.0,0.0,0.0,1.0,1.0,0.0,0.0,0.0
0,1.0,0.32744296452591326,0.0,0.0,0.17941986572699406,1.9210526315789473,0.0,0.0,0.0,1.0,0.0,0.0,0.0,1.0
0,0.5,0.5120664644599763,0.0,0.0,0.2774768974449705,1.9210526315789473,0.0,0.0,0.0,1.0,0.0,0.0,0.0,1.0
1,0.0,0.643940392984307,0.0,0.0,0.4132532267181037,1.2368421052631577,0.0,0.0,1.0,0.0,0.0,0.0,0.0,1.0
1,1.0,0.4065673216405117,0.0,0.0,0.19811622312389268,1.9210526315789473,0.0,0.0,1.0,0.0,0.0,0.0,0.0,1.0
0,1.0,0.3933799287880786,0.0,0.0,0.16207416673816763,1.9210526315789473,0.0,0.0,0.0,1.0,1.0,0.0,0.0,0.0
0,1.0,0.3933799287880786,0.125,0.1111111111111111,0.3992737581184521,1.9210526315789473,0.0,0.0,1.0,0.0,0.0,0.0,0.0,1.0
0,0.5,0.44612950019781095,0.0,0.0,0.2774768974449705,1.9210526315789473,0.0,0.0,0.0,1.0,0.0,0.0,0.0,1.0
1,0.5,0.4065673216405117,0.125,0.1111111111111111,0.4156713746514863,1.9210526315789473,0.0,0.0,1.0,0.0,0.0,0.0,0.0,1.0
1,0.0,0.1428194645918502,0.125,0.2222222222222222,0.7145564672280437,0.6184210526315789,0.0,0.0,0.0,1.0,0.0,0.0,0.0,1.0
1,1.0,0.0032968482131082682,0.0,0.1111111111111111,0.1943064371104978,1.9210526315789473,0.0,0.0,0.0,1.0,1.0,0.0,0.0,0.0
1,1.0,0.3538177502307794,0.0,0.0,0.15503460554451878,1.9210526315789473,0.0,0.0,0.0,1.0,0.0,0.0,0.0,1.0
0,1.0,0.4065673216405117,0.0,0.0,0.176387896287963,1.9210526315789473,0.0,0.0,0.0,1.0,0.0,0.0,0.0,1.0
0,0.0,0.5120664644599763,0.0,0.0,0.45921320232475304,0.14473684210526316,0.0,1.0,0.0,1.0,0.0,0.0,0.0,1.0
0,1.0,0.23513121455888172,0.0,0.0,0.176387896287963,1.9210526315789473,0.0,0.0,1.0,0.0,0.0,0.0,0.0,1.0
0,0.5,0.5120664644599763,0.0,0.0,0.2774768974449705,1.9210526315789473,0.0,0.0,0.0,1.0,0.0,0.0,0.0,1.0
1,0.0,0.43294210734537786,0.125,0.0,0.5542187158636468,1.8026315789473684,0.0,0.0,1.0,0.0,0.0,0.0,0.0,1.0
0,1.0,0.34063035737834635,0.0,0.0,0.17921303227913563,1.9210526315789473,0.0,0.0,0.0,1.0,0.0,0.0,0.0,1.0
0,1.0,0.5120664644599763,0.0,0.0,0.3992737581184521,1.9210526315789473,0.0,0.0,0.0,1.0,0.0,0.0,0.0,1.0
0,0.5,0.459316893050244,0.0,0.0,0.23547595451959144,1.9210526315789473,0.0,0.0,0.0,1.0,0.0,0.0,0.0,1.0
0,1.0,0.07688250032968483,0.5,0.2222222222222222,0.45011653430918863,1.9210526315789473,0.0,0.0,1.0,0.0,0.0,0.0,0.0,1.0
0,1.0,0.39997362521429514,0.0,0.0,0.18322344130066578,1.9210526315789473,0.0,0.0,0.0,1.0,0.0,0.0,0.0,1.0
0,0.0,0.3894120749974789,0.0,0.0,0.45921320232475304,0.21052631578947367,1.0,1.0,0.0,1.0,0.0,0.0,0.0,1.0
0,1.0,0.3010681788210471,0.0,0.0,0.18014579674700062,1.9210526315789473,0.0,0.0,1.0,0.0,0.0,0.0,0.0,1.0
0,0.5,0.4065673216405117,0.125,0.1111111111111111,0.4831967526646703,1.9210526315789473,0.0,0.0,0.0,1.0,1.0,0.0,0.0,0.0
0,1.0,0.5648160358697086,0.0,0.0,0.13964572622261104,1.9210526315789473,0.0,0.0,0.0,1.0,0.0,0.0,0.0,1.0
0,1.0,0.12963207173941713,0.375,0.2222222222222222,0.42765975184228133,1.9210526315789473,0.0,0.0,0.0,1.0,0.0,0.0,0.0,1.0
1,0.0,0.6835025715416063,0.125,0.1111111111111111,0.6654844676442765,0.48684210526315785,0.0,0.0,1.0,0.0,0.0,0.0,0.0,1.0
1,1.0,0.3538177502307794,0.0,0.0,0.19764458417900724,1.9210526315789473,0.0,0.0,0.0,1.0,0.0,0.0,0.0,1.0
0,0.0,0.4988790716075432,0.0,0.0,0.45921320232475304,1.9210526315789473,0.0,1.0,0.0,1.0,0.0,0.0,0.0,1.0
1,1.0,0.3538177502307794,0.0,0.1111111111111111,0.26937014230876855,1.5526315789473684,0.0,0.0,1.0,0.0,0.0,0.0,0.0,1.0
0,1.0,0.024132928919952525,0.5,0.1111111111111111,0.4969637309481857,1.9210526315789473,0.0,0.0,0.0,1.0,0.0,0.0,0.0,1.0
0,1.0,0.3894120749974789,0.0,0.0,0.15432847382249706,1.9210526315789473,1.0,0.0,0.0,1.0,0.0,0.0,1.0,0.0
0,1.0,0.3894120749974789,0.0,0.0,0.5664093889076323,1.9210526315789473,1.0,0.0,0.0,1.0,0.0,0.0,0.0,1.0
1,0.5,0.010945536067519452,0.0,0.2222222222222222,0.4831967526646703,1.9210526315789473,0.0,0.0,0.0,1.0,1.0,0.0,0.0,0.0
1,1.0,0.3894120749974789,0.0,0.0,0.17575453833860336,1.9210526315789473,1.0,0.0,0.0,1.0,0.0,0.0,1.0,0.0
1,0.0,0.815376500065937,0.0,0.0,0.6348187235591385,0.2763157894736842,0.0,0.0,1.0,0.0,0.0,1.0,0.0,0.0
1,1.0,0.19556903600158249,0.125,0.0,0.29832960483910165,1.9210526315789473,0.0,0.0,1.0,0.0,1.0,0.0,0.0,0.0
1,0.5,0.008703679282605828,0.125,0.1111111111111111,0.34950159476441334,1.9210526315789473,0.0,0.0,0.0,1.0,0.0,0.0,0.0,1.0
0,1.0,0.3894120749974789,0.0,0.0,0.16207416673816763,1.9210526315789473,1.0,0.0,0.0,1.0,1.0,0.0,0.0,0.0
0,1.0,0.3010681788210471,0.0,0.0,0.17838101240466644,1.9210526315789473,0.0,0.0,0.0,1.0,0.0,0.0,0.0,1.0
0,1.0,0.23513121455888172,0.0,0.0,0.18923790006566008,1.9210526315789473,0.0,0.0,0.0,1.0,0.0,0.0,0.0,1.0
1,0.0,0.5120664644599763,0.125,0.1111111111111111,0.6424331800960329,1.7105263157894737,0.0,0.0,1.0,0.0,1.0,0.0,0.0,0.0
0,1.0,0.27469339311618096,0.0,0.0,0.19764458417900724,1.9210526315789473,0.0,0.0,0.0,1.0,0.0,0.0,0.0,1.0
0,1.0,0.3894120749974789,0.0,0.0,0.18322344130066578,1.9210526315789473,1.0,0.0,0.0,1.0,0.0,0.0,0.0,1.0
1,1.0,0.41975471449294477,0.0,0.0,0.5664093889076323,1.9210526315789473,0.0,0.0,0.0,1.0,0.0,0.0,0.0,1.0
1,0.0,0.3894120749974789,0.0,0.0,0.4399548472755884,0.894736842105263,1.0,0.0,0.0,1.0,1.0,0.0,0.0,0.0
0,1.0,0.2615060002637479,0.0,0.0,0.18014579674700062,1.9210526315789473,0.0,0.0,0.0,1.0,0.0,0.0,0.0,1.0
0,0.5,0.20875642885401557,0.0,0.0,0.23547595451959144,1.9210526315789473,0.0,0.0,0.0,1.0,0.0,0.0,0.0,1.0
1,0.0,0.3933799287880786,0.0,0.0,0.448379684636366,1.9210526315789473,0.0,0.0,1.0,0.0,1.0,0.0,0.0,0.0
0,1.0,0.45272319662402744,0.0,0.0,0.13926423730900786,1.9210526315789473,0.0,0.0,0.0,1.0,1.0,0.0,0.0,0.0
0,1.0,0.22194382170644866,0.0,0.0,0.19764458417900724,1.9210526315789473,0.0,0.0,0.0,1.0,0.0,0.0,0.0,1.0
0,1.0,0.5516286430172755,0.0,0.0,0.17061287361475738,1.9210526315789473,0.0,0.0,0.0,1.0,0.0,0.0,0.0,1.0
0,1.0,0.3894120749974789,1.0,0.2222222222222222,0.6072904695810064,1.9210526315789473,1.0,0.0,0.0,1.0,0.0,0.0,0.0,1.0
0,1.0,0.459316893050244,0.0,0.0,0.17941986572699406,1.9210526315789473,0.0,0.0,0.0,1.0,1.0,0.0,0.0,0.0
0,0.5,0.36700514308321247,0.0,0.1111111111111111,0.4606747800696731,1.9210526315789473,0.0,0.0,0.0,1.0,0.0,0.0,0.0,1.0
1,0.0,0.3894120749974789,0.125,0.0,0.6560144339241418,1.131578947368421,1.0,0.0,1.0,0.0,1.0,0.0,0.0,0.0
0,1.0,0.05050771462481868,0.5,0.2222222222222222,0.45011653430918863,1.9210526315789473,0.0,0.0,0.0,1.0,0.0,0.0,0.0,1.0
0,1.0,0.9736252142951339,0.0,0.0,0.176387896287963,1.9210526315789473,0.0,0.0,0.0,1.0,0.0,0.0,0.0,1.0
0,1.0,0.11644467888698405,0.125,0.1111111111111111,0.3088151896762753,1.9210526315789473,0.0,0.0,1.0,0.0,1.0,0.0,0.0,0.0
1,0.0,0.20875642885401557,0.0,0.1111111111111111,0.4955339405862721,1.3026315789473684,0.0,0.0,1.0,0.0,0.0,0.0,0.0,1.0
0,0.5,0.5780034287221416,0.125,0.0,0.41378947059385185,1.9210526315789473,0.0,0.0,1.0,0.0,0.0,0.0,0.0,1.0
1,1.0,0.23513121455888172,0.0,0.1111111111111111,0.21266390121461895,1.9210526315789473,0.0,0.0,1.0,0.0,0.0,0.0,0.0,1.0
1,0.0,0.5911908215745747,0.125,0.1111111111111111,0.7770238337386797,1.9210526315789473,0.0,0.0,1.0,0.0,0.0,0.0,0.0,1.0
1,0.0,0.6703151786891732,0.0,0.0,0.41790614271476545,1.5657894736842104,0.0,0.0,0.0,1.0,0.0,0.0,0.0,1.0
1,1.0,0.31425557167348017,0.0,0.3333333333333333,0.3547618644201689,1.9210526315789473,0.0,0.0,1.0,0.0,1.0,0.0,0.0,0.0
0,1.0,0.3894120749974789,0.0,0.0,0.16207416673816763,1.9210526315789473,1.0,0.0,0.0,1.0,1.0,0.0,0.0,0.0
0,1.0,0.5384412501648425,0.25,0.0,0.2935662160783483,1.9210526315789473,0.0,0.0,0.0,1.0,0.0,0.0,0.0,1.0
0,0.5,0.27469339311618096,0.125,0.0,0.2533662345624741,1.9210526315789473,0.0,0.0,0.0,1.0,0.0,0.0,0.0,1.0
1,0.0,0.630753000131874,0.0,0.0,0.4132532267181037,1.2368421052631577,0.0,0.0,1.0,0.0,0.0,0.0,0.0,1.0
0,1.0,0.3894120749974789,1.0,0.2222222222222222,0.6072904695810064,1.9210526315789473,1.0,0.0,1.0,0.0,0.0,0.0,0.0,1.0
0,0.5,0.31425557167348017,0.0,0.0,0.2774768974449705,1.9210526315789473,0.0,0.0,0.0,1.0,0.0,0.0,0.0,1.0
1,0.5,0.5516286430172755,0.0,0.0,0.2774768974449705,1.9210526315789473,0.0,0.0,1.0,0.0,0.0,0.0,0.0,1.0
1,0.5,0.3538177502307794,0.125,0.0,0.2900501878189613,1.9210526315789473,0.0,0.0,1.0,0.0,1.0,0.0,0.0,0.0
0,0.0,0.4065673216405117,0.0,0.0,0.5443294479660608,0.07894736842105263,0.0,0.0,0.0,1.0,0.0,0.0,0.0,1.0
0,1.0,0.3894120749974789,0.0,0.0,0.21579379444138017,1.9210526315789473,1.0,0.0,0.0,1.0,0.0,0.0,0.0,1.0
1,1.0,0.05050771462481868,0.125,0.1111111111111111,0.24699327026614107,1.9210526315789473,0.0,0.0,0.0,1.0,0.0,0.0,0.0,1.0
0,1.0,0.34063035737834635,0.0,0.0,0.17941986572699406,1.9210526315789473,0.0,0.0,0.0,1.0,0.0,0.0,0.0,1.0
1,0.0,0.6175656072794409,0.125,0.1111111111111111,0.5521868685022183,1.3421052631578947,0.0,0.0,1.0,0.0,0.0,0.0,0.0,1.0
0,0.0,0.43294210734537786,0.0,0.0,0.08956843096361336,0.4473684210526315,0.0,0.0,0.0,1.0,0.0,0.0,0.0,1.0
0,1.0,0.6175656072794409,0.0,0.0,0.20516107131841013,1.9210526315789473,0.0,0.0,0.0,1.0,0.0,0.0,0.0,1.0
1,0.5,0.36700514308321247,0.125,0.0,0.3980484739472676,1.9210526315789473,0.0,0.0,1.0,0.0,1.0,0.0,0.0,0.0
1,1.0,0.19556903600158249,0.0,0.0,0.16195988003795933,1.9210526315789473,0.0,0.0,1.0,0.0,1.0,0.0,0.0,0.0
0,1.0,0.2615060002637479,0.0,0.0,0.22282492245793153,1.9210526315789473,0.0,0.0,0.0,1.0,0.0,0.0,0.0,1.0
0,1.0,0.24831860741131478,0.0,0.0,0.17941986572699406,1.9210526315789473,0.0,0.0,0.0,1.0,0.0,0.0,0.0,1.0
0,1.0,0.3894120749974789,0.0,0.0,0.17941986572699406,1.9210526315789473,1.0,0.0,0.0,1.0,0.0,0.0,0.0,1.0
1,0.0,0.7362521429513386,0.0,0.1111111111111111,0.6424331800960329,0.9210526315789473,0.0,0.0,1.0,0.0,1.0,0.0,0.0,0.0
1,0.5,0.32744296452591326,0.0,0.1111111111111111,0.41378947059385185,1.9210526315789473,0.0,0.0,1.0,0.0,0.0,0.0,0.0,1.0
0,1.0,0.43294210734537786,0.0,0.0,0.17941986572699406,1.9210526315789473,0.0,0.0,0.0,1.0,0.0,0.0,0.0,1.0
0,1.0,0.287880785968614,0.0,0.0,0.2357884850781661,1.9210526315789473,0.0,0.0,1.0,0.0,0.0,0.0,0.0,1.0
0,0.5,0.36700514308321247,0.0,0.0,0.23547595451959144,1.9210526315789473,0.0,0.0,0.0,1.0,0.0,0.0,0.0,1.0
0,1.0,0.32744296452591326,0.0,0.0,0.1571379140783534,1.9210526315789473,0.0,0.0,0.0,1.0,0.0,0.0,0.0,1.0
0,1.0,0.5120664644599763,0.0,0.5555555555555556,0.43611016733579877,1.9210526315789473,0.0,0.0,1.0,0.0,0.0,0.0,1.0,0.0
0,0.5,0.3538177502307794,0.0,0.0,0.2774768974449705,1.9210526315789473,0.0,0.0,0.0,1.0,0.0,0.0,0.0,1.0
1,0.0,0.24831860741131478,0.0,0.0,0.4419313209302811,0.39473684210526316,0.0,0.0,1.0,0.0,0.0,0.0,0.0,1.0
0,1.0,0.3894120749974789,0.125,0.2222222222222222,0.39348929777406083,1.9210526315789473,1.0,0.0,1.0,0.0,0.0,0.0,0.0,1.0
1,0.0,0.34063035737834635,0.0,0.0,0.4419313209302811,0.7894736842105263,0.0,0.0,0.0,1.0,1.0,0.0,0.0,0.0
0,1.0,0.41975471449294477,0.0,0.0,0.17575453833860336,1.9210526315789473,0.0,0.0,0.0,1.0,0.0,0.0,1.0,0.0
